track_id,artist,title,base_strength,emo,popularity,hachijo_fit,oddity,stickiness,volatility,enabled,release_year,freshness_bonus
1,MONO NO AWARE,東京,84,92,44,100,49,69,50,1,,0.0
2,MIZ,パレード,79,88,38,93,38,83,64,1,2020,0.5
3,MONO NO AWARE,イワンコッチャナイ,75,77,31,95,47,77,51,1,,0.0
4,MIZ,空砲,82,80,30,100,52,87,58,1,,0.0
5,MONO NO AWARE,かむかもしかもにどもかも！,75,81,33,95,40,68,59,1,,0.0
6,MIZ,夏がきたら,81,81,27,100,48,74,50,1,,0.0
7,MONO NO AWARE,ゾッコン,84,80,42,100,47,73,64,1,2020,0.5
8,MIZ,君に会った日は,81,77,30,100,58,83,48,1,,0.0
9,MONO NO AWARE,そこにあったから,80,83,39,100,53,72,49,1,2021,0.5
10,MIZ,パジャマでハイウェイ,85,87,28,93,41,82,66,1,,0.0
11,MONO NO AWARE,異邦人,83,93,26,88,56,82,47,1,2021,0.5
12,MIZ,丘,78,96,30,97,52,73,57,1,2026,2.5
13,MONO NO AWARE,孤独になってみたい,75,80,34,89,40,79,56,1,2021,0.5
14,MIZ,とびうおのうた,83,88,32,90,55,77,54,1,2026,2.5
15,MONO NO AWARE,もうけもん,79,82,44,89,45,80,66,1,2024,1.5
16,MIZ,暑中見舞い,80,92,30,89,55,69,55,1,2026,2.5
17,MONO NO AWARE,風の向きが変わって,80,93,25,92,56,76,51,1,2023,1.0
18,MONO NO AWARE,アングル,83,84,38,93,49,68,64,1,2024,1.5
19,MONO NO AWARE,幽霊船,83,89,34,100,58,81,56,1,2021,0.5
20,MONO NO AWARE,水が湧いた,82,92,35,100,42,82,66,1,2021,0.5
21,おとぎ話,アテなし,73,76,22,74,59,63,70,1,,0.0
22,アカシック,8ミリフィルム,70,90,23,61,48,62,64,1,,0.0
23,乙女絵画,川,67,92,25,59,67,60,67,1,,0.0
24,シャムキャッツ,Four O’clock Flower,75,91,30,61,58,63,56,1,,0.0
25,台風クラブ,まつりのあと,73,88,28,64,64,67,56,1,,0.0
26,家主,家主のテーマ,68,74,24,75,56,64,52,1,,0.0
27,踊ってばかりの国,Boy,73,80,25,67,55,70,63,1,,0.0
28,トリプルファイヤー,次やったら殴る,75,77,32,77,59,74,72,1,,0.0
29,ラッキーオールドサン,ミッドナイト・バス,70,89,26,62,54,61,53,1,,0.0
30,カネコアヤノ,祝日,75,91,40,72,53,74,59,1,,0.0
31,きのこ帝国,金木犀の夜,75,74,23,72,56,66,60,1,,0.0
32,cero,Summer Soul,73,76,28,77,58,67,53,1,,0.0
33,ミツメ,エスパー,76,80,28,64,68,75,70,1,,0.0
34,Homecomings,HURTS,71,83,23,59,59,70,54,1,,0.0
35,Yogee New Waves,CLIMAX NIGHT,75,89,39,72,56,59,62,1,,0.0
36,never young beach,明るい未来,75,85,38,62,62,58,60,1,,0.0
37,Tempalay,革命前夜,78,86,38,77,50,57,65,1,,0.0
38,羊文学,1999,77,87,31,68,56,67,60,1,,0.0
39,BiSH,オーケストラ,70,80,37,67,62,66,55,1,,0.0
40,CHAI,N.E.O.,66,75,34,67,48,56,60,1,,0.0
41,DYGL,Let It Out,73,75,25,64,55,75,52,1,,0.0
42,D.A.N.,Native Dancer,73,93,37,66,55,72,59,1,,0.0
43,Suchmos,MINT,75,78,28,74,68,62,57,1,,0.0
44,LUCKY TAPES,MOON,69,79,31,73,59,75,61,1,,0.0
45,SIRUP,Loop,78,89,30,69,48,67,54,1,,0.0
46,iri,Wonderland,76,89,27,78,56,73,63,1,,0.0
47,yonawo,tokyo,78,92,35,66,64,59,72,1,,0.0
48,TENDRE,DOCUMENT,72,80,38,64,55,67,65,1,,0.0
49,STUTS,Mirrors,69,78,25,63,61,76,56,1,,0.0
50,PUNPEE,タイムマシーンにのって,70,86,40,69,48,61,63,1,,0.0
51,KID FRESINO,Salve,76,87,35,73,48,72,54,1,,0.0
52,BIM,Bonita,71,76,22,78,68,69,53,1,,0.0
53,chelmico,Easy Breezy,65,82,32,60,58,70,69,1,2020,0.5
54,スカート,静かな夜がいい,76,86,41,78,59,61,60,1,,0.0
55,柴田聡子,後悔,75,75,40,75,62,66,69,1,,0.0
56,折坂悠太,朝顔,74,92,36,73,68,60,69,1,,0.0
57,君島大空,遠視のコントラルト,72,83,29,67,65,73,61,1,,0.0
58,崎山蒼志,五月雨,66,91,37,61,59,61,54,1,,0.0
59,青葉市子,いきのこり●ぼくら,66,83,35,61,53,58,54,1,,0.0
60,mei ehara,最初の日は,77,92,31,76,60,59,58,1,,0.0
61,角銅真実,Lullaby,70,83,42,73,65,61,71,1,,0.0
62,浮,つきひ,69,73,22,71,62,64,68,1,,0.0
63,寺尾紗穂,楕円の夢,71,82,34,64,53,71,59,1,,0.0
64,前野健太,東京の空,75,83,22,58,57,76,58,1,,0.0
65,さよならポニーテール,空も飛べるはず,65,83,24,66,48,56,62,1,,0.0
66,相対性理論,LOVEずっきゅん,75,79,40,77,56,68,63,1,,0.0
67,やくしまるえつこ,ヴィーナスとジーザス,71,90,30,61,65,69,69,1,,0.0
68,パスピエ,トロイメライ,68,84,33,71,52,60,72,1,,0.0
69,水曜日のカンパネラ,桃太郎,71,79,23,70,49,76,66,1,,0.0
70,森は生きている,光の蠱惑,79,76,30,71,50,75,59,1,,0.0
71,VIDEOTAPEMUSIC,世界各国の夜,75,91,37,75,67,67,57,1,,0.0
72,Alfred Beach Sandal,Fugue State,71,93,24,68,48,62,54,1,,0.0
73,思い出野郎Aチーム,ダンスに間に合う,76,92,30,76,63,73,53,1,,0.0
74,YOUR SONG IS GOOD,THE LOVE SONG,72,76,36,67,62,75,71,1,,0.0
75,キセル,ハナレバナレ,70,79,22,77,51,56,70,1,,0.0
76,Polaris,深呼吸,70,90,40,74,63,69,64,1,,0.0
77,clammbon,Re-雨,68,82,41,70,54,62,70,1,,0.0
78,七尾旅人,サーカスナイト,73,89,24,67,51,69,58,1,,0.0
79,奇妙礼太郎,君が誰かの彼女になりくさっても,71,82,39,74,58,66,72,1,,0.0
80,王舟,Thailand,77,81,35,72,52,61,69,1,,0.0
81,トクマルシューゴ,Rum Hee,73,88,22,61,52,58,67,1,,0.0
82,mei semones,Kabutomushi,70,78,37,58,54,62,53,1,2024,1.5
83,betcover!!,NOBORU,76,91,31,63,65,59,59,1,,0.0
84,GEZAN,萃点,70,87,34,75,62,64,72,1,2020,0.5
85,ドミコ,こんなのおかしくない？,76,83,32,61,58,71,54,1,,0.0
86,Helsinki Lambda Club,TVHBD,73,93,23,70,56,68,63,1,,0.0
87,odol,生活,74,73,39,78,60,69,72,1,,0.0
88,Laura day romance,sad number,78,82,34,77,63,75,72,1,,0.0
89,For Tracy Hyde,Underwater Girl,68,77,42,77,68,59,69,1,,0.0
90,Luby Sparks,Thursday,67,83,23,59,49,59,54,1,,0.0
91,DYINGDAY,Out of Blue,75,84,23,60,55,68,65,1,,0.0
92,NOT WONK,Down the Valley,73,82,42,69,51,60,71,1,,0.0
93,No Buses,Pretty Old Man,70,74,22,76,64,74,70,1,,0.0
94,KOTORI,EVERGREEN,76,87,39,58,58,68,61,1,,0.0
95,リーガルリリー,リッケンバッカー,78,92,23,74,66,72,55,1,,0.0
96,"Lucie,Too",Lucky,73,92,39,77,64,73,60,1,,0.0
97,teto,高層ビルと人工衛星,70,90,36,62,57,69,70,1,,0.0
98,PK shampoo,京都線,71,73,36,63,67,64,63,1,,0.0
99,時速36km,七月七日通り,70,85,39,77,62,56,55,1,,0.0
100,ズーカラデル,生活,73,85,24,76,50,68,72,1,,0.0
101,浪漫革命,愛は1/2,74,78,41,64,49,65,60,1,,0.0
102,BREIMEN,IWBYL,76,82,42,63,55,73,53,1,2020,0.5
103,AAAMYYY,Leeloo,75,90,31,72,56,72,56,1,2020,0.5
104,TAMTAM,Worksong! Feat.鎮座DOPENESS,72,79,22,61,61,61,56,1,,0.0
105,Emerald,ふれたい光,67,74,31,64,67,72,55,1,,0.0
106,Nulbarich,NEW ERA,78,92,33,64,53,60,56,1,,0.0
107,MONKEY MAJIK,Around The World,72,85,40,76,54,74,54,1,,0.0
108,おとぎ話,EARTHBOUND,67,76,26,64,59,73,71,1,,0.0
109,アカシック,今日から夜は家にいるよ,70,90,36,64,61,69,69,1,,0.0
110,乙女絵画,軛,77,87,35,64,57,67,65,1,,0.0
111,シャムキャッツ,Coyote,69,73,41,69,59,56,62,1,,0.0
112,台風クラブ,処暑,77,77,30,72,49,64,64,1,,0.0
113,家主,オープンカー,72,85,32,71,62,61,56,1,2021,0.5
114,踊ってばかりの国,ghost,71,74,41,78,62,57,70,1,2021,0.5
115,トリプルファイヤー,トラックに轢かれた,71,87,33,77,62,71,67,1,,0.0
116,ラッキーオールドサン,坂の多い町と退屈,73,90,30,76,61,56,72,1,,0.0
117,カネコアヤノ,光の方へ,74,81,28,65,48,76,65,1,,0.0
118,きのこ帝国,クロノスタシス,70,90,36,58,65,70,65,1,,0.0
119,cero,Orphans,68,80,34,76,57,58,58,1,,0.0
120,ミツメ,セダン,68,83,25,59,49,76,69,1,,0.0
121,Homecomings,Blue Hour,72,83,24,70,49,65,52,1,,0.0
122,Yogee New Waves,Bluemin' Days,68,87,22,65,55,62,63,1,,0.0
123,never young beach,お別れの歌,71,74,27,65,57,58,60,1,,0.0
124,Tempalay,そなちね,78,89,29,75,59,69,53,1,,0.0
125,羊文学,光るとき,77,89,26,65,59,62,67,1,2022,1.0
126,BiSH,プロミスザスター,67,75,32,58,65,68,72,1,,0.0
127,CHAI,PINK,75,80,31,65,58,68,53,1,,0.0
128,DYGL,A Paper Dream,72,79,36,59,64,56,68,1,,0.0
129,D.A.N.,SSWB,74,77,33,71,66,76,54,1,,0.0
130,Suchmos,STAY TUNE,71,89,31,74,57,64,54,1,,0.0
131,LUCKY TAPES,Gun,75,80,26,72,61,59,68,1,,0.0
132,SIRUP,Do Well,74,78,39,62,67,63,72,1,,0.0
133,iri,rhythm,77,87,40,74,49,73,58,1,,0.0
134,yonawo,矜羯羅がる,76,82,34,64,62,71,54,1,2020,0.5
135,TENDRE,RIDE,75,87,28,66,53,56,72,1,,0.0
136,STUTS,Changes,68,79,24,71,58,56,60,1,,0.0
137,PUNPEE,お嫁においで 2015,78,76,32,73,50,65,61,1,,0.0
138,KID FRESINO,Coincidence,65,80,27,63,48,60,61,1,,0.0
139,BIM,DNA,77,79,30,66,65,72,55,1,,0.0
140,chelmico,Player,77,81,25,68,67,63,72,1,,0.0
141,スカート,CALL,71,91,40,71,50,75,59,1,,0.0
142,柴田聡子,雑感,73,82,32,58,55,65,53,1,,0.0
143,折坂悠太,平成,78,80,28,68,62,72,66,1,,0.0
144,君島大空,午後の反射光,76,89,31,66,62,70,71,1,,0.0
145,崎山蒼志,夏至,74,77,29,62,53,62,56,1,,0.0
146,青葉市子,Porcelain,74,82,41,65,61,74,68,1,2020,0.5
147,mei ehara,蓋なしの彼,75,83,26,74,67,67,70,1,,0.0
148,角銅真実,December 13,73,88,41,71,67,70,71,1,2020,0.5
149,浮,愛の話,75,79,29,59,67,72,68,1,,0.0
150,寺尾紗穂,九年,74,92,41,78,64,66,58,1,,0.0
151,前野健太,友達じゃがまんできない,67,79,39,64,50,74,72,1,,0.0
152,さよならポニーテール,新世界交響楽,79,82,36,78,49,58,64,1,,0.0
153,相対性理論,地獄先生,72,89,40,63,50,56,69,1,,0.0
154,やくしまるえつこ,ルル,73,80,36,69,56,66,65,1,,0.0
155,パスピエ,MATATABISTEP,81,92,30,73,64,75,60,1,,0.0
156,水曜日のカンパネラ,ディアブロ,68,89,34,59,68,74,62,1,,0.0
157,森は生きている,日々の泡沫,69,83,34,69,50,73,52,1,,0.0
158,VIDEOTAPEMUSIC,Kung-Fu Mambo,71,78,23,65,54,58,64,1,,0.0
159,Alfred Beach Sandal,One Day Calypso,72,88,34,63,49,68,55,1,,0.0
160,思い出野郎Aチーム,ステップ,71,77,37,60,51,56,52,1,,0.0
161,YOUR SONG IS GOOD,あいつによろしく,77,78,23,76,52,71,64,1,,0.0
162,キセル,くちなしの丘,72,84,32,74,50,60,68,1,,0.0
163,Polaris,光と影,73,93,22,71,60,64,67,1,,0.0
164,clammbon,Folklore,78,79,38,74,51,62,62,1,,0.0
165,七尾旅人,湘南が遠くなっていく,71,84,24,65,53,63,67,1,,0.0
166,奇妙礼太郎,愛の讃歌,74,86,28,74,66,75,56,1,,0.0
167,王舟,Ward,77,76,38,73,68,59,72,1,,0.0
168,トクマルシューゴ,Katachi,67,76,22,65,50,59,53,1,,0.0
169,mei semones,Wakare No Kotoba,75,76,24,63,54,62,67,1,2023,1.0
170,betcover!!,翔け夜の匂い草,74,76,38,70,55,67,72,1,,0.0
171,GEZAN,DNA,70,85,36,67,59,76,69,1,,0.0
172,ドミコ,まどろまない,73,79,25,64,66,62,63,1,2024,1.5
173,Helsinki Lambda Club,PIZZASHAKE,78,76,24,74,61,68,63,1,,0.0
174,odol,夜を抜ければ,79,74,28,77,65,72,62,1,,0.0
175,Laura day romance,透明,71,85,38,73,59,57,71,1,2024,1.5
176,For Tracy Hyde,Sister Carrie,73,73,24,76,56,68,63,1,,0.0
177,Luby Sparks,Somewhere,70,76,33,67,50,76,68,1,,0.0
178,DYINGDAY,Mist,69,79,39,77,56,67,59,1,,0.0
179,NOT WONK,Laughing Nerds And A Wallflower,78,78,42,66,55,76,57,1,,0.0
180,No Buses,Tic,68,76,29,74,66,57,52,1,,0.0
181,KOTORI,素晴らしい世界,73,84,37,73,57,61,59,1,,0.0
182,リーガルリリー,1997,76,92,23,58,50,67,62,1,,0.0
183,"Lucie,Too",キミに恋,72,82,34,67,54,63,52,1,,0.0
184,teto,拝啓,69,91,40,70,66,60,63,1,,0.0
185,PK shampoo,夜間通用口,74,79,36,67,49,60,68,1,,0.0
186,時速36km,ハロー,73,81,26,66,49,58,61,1,,0.0
187,ズーカラデル,漂流劇団,74,84,27,61,50,64,70,1,,0.0
188,浪漫革命,サマタイム,69,82,32,72,48,63,61,1,,0.0
189,BREIMEN,MUSICA,75,79,35,62,64,56,53,1,,0.0
190,AAAMYYY,HOME,75,84,39,67,49,64,72,1,2020,0.5
191,TAMTAM,Esp,66,86,23,61,49,66,63,1,,0.0
192,Emerald,東京,76,90,37,59,65,74,64,1,,0.0
193,Nulbarich,Kiss You Back,75,86,30,72,59,76,65,1,,0.0
194,MONKEY MAJIK,空はまるで,70,83,33,73,57,72,53,1,,0.0
195,おとぎ話,M,77,88,36,66,50,63,62,1,,0.0
196,アカシック,サンデイバージンディアボーイ,79,86,38,75,57,64,72,1,,0.0
197,乙女絵画,Untitled,72,75,35,66,67,57,70,1,,0.0
198,シャムキャッツ,Funny Face,73,92,37,68,48,58,58,1,,0.0
199,台風クラブ,台風銀座,75,76,41,74,66,66,65,1,,0.0
200,家主,NFP,68,83,39,72,50,65,70,1,,0.0
201,踊ってばかりの国,ほんとごめんね,71,82,24,61,49,67,53,1,,0.0
202,トリプルファイヤー,相席屋に行きたい,70,73,36,60,55,67,70,1,,0.0
203,ラッキーオールドサン,旅するギター,68,81,36,67,51,70,69,1,,0.0
204,カネコアヤノ,ロマンス宣言,70,84,26,76,49,69,62,1,,0.0
205,きのこ帝国,海と花束,66,74,35,62,59,71,62,1,,0.0
206,cero,街の報せ,69,78,42,75,61,57,52,1,,0.0
207,ミツメ,煙突,76,78,31,76,56,64,56,1,,0.0
208,Homecomings,Songbirds,73,92,37,59,49,60,71,1,,0.0
209,Yogee New Waves,World is Mine,75,90,23,75,60,75,59,1,,0.0
210,never young beach,どうでもいいけど,75,76,40,78,60,74,57,1,,0.0
211,Tempalay,続・New York City,72,90,26,67,66,72,54,1,,0.0
212,羊文学,マヨイガ,70,89,24,77,55,61,66,1,2021,0.5
213,BiSH,My landscape,78,82,26,75,54,67,72,1,,0.0
214,CHAI,アイム・ミー,74,83,32,72,55,76,52,1,,0.0
215,DYGL,Bad Kicks,70,91,25,68,62,69,70,1,,0.0
216,D.A.N.,Replica,67,75,26,61,65,66,54,1,,0.0
217,Suchmos,808,67,83,34,61,50,76,63,1,,0.0
218,LUCKY TAPES,Touch!,74,83,33,76,49,66,52,1,,0.0
219,SIRUP,Pool,72,76,36,68,51,74,64,1,,0.0
220,iri,Watashi,77,73,32,71,68,75,71,1,,0.0
221,yonawo,good job,71,90,22,69,68,70,63,1,2021,0.5
222,TENDRE,SIGN,79,81,27,73,63,72,55,1,,0.0
223,STUTS,Presence I,71,73,28,67,53,72,59,1,2021,0.5
224,PUNPEE,Scenario,69,93,35,71,60,60,65,1,,0.0
225,KID FRESINO,Cats & Dogs,76,90,40,58,54,66,64,1,,0.0
226,BIM,BUDDY,70,73,39,61,65,64,58,1,,0.0
227,chelmico,Love Is Over,74,86,22,63,54,62,54,1,,0.0
228,スカート,ストーリー,72,91,29,74,49,69,58,1,,0.0
229,柴田聡子,ぼちぼち銀河,76,81,41,62,67,69,64,1,2022,1.0
230,折坂悠太,坂道,70,75,38,60,64,74,62,1,2021,0.5
231,君島大空,向こう髪,68,92,37,61,67,66,58,1,2023,1.0
232,崎山蒼志,燈,78,74,42,76,55,72,64,1,2023,1.0
233,青葉市子,太陽さん,69,84,25,78,65,60,70,1,,0.0
234,mei ehara,不確か,68,87,33,64,49,68,64,1,2020,0.5
235,角銅真実,Lark,70,82,37,69,57,75,67,1,2020,0.5
236,浮,湯船,77,92,23,70,58,63,69,1,,0.0
237,寺尾紗穂,北へ向かう,72,74,39,76,53,73,63,1,,0.0
238,前野健太,鴨川,69,90,40,62,50,65,67,1,,0.0
239,さよならポニーテール,光る街へ,70,92,26,72,56,68,72,1,,0.0
240,相対性理論,ミス・パラレルワールド,69,87,38,69,56,59,57,1,,0.0
241,やくしまるえつこ,X次元へようこそ,75,76,42,60,58,71,56,1,,0.0
242,パスピエ,贅沢ないいわけ,68,82,36,60,61,66,53,1,,0.0
243,水曜日のカンパネラ,エジソン,68,86,25,68,55,60,63,1,2022,1.0
244,森は生きている,煙夜の夢,69,93,41,60,65,63,67,1,,0.0
245,VIDEOTAPEMUSIC,Cocktail Moon,73,90,35,62,63,56,62,1,,0.0
246,Alfred Beach Sandal,モノポリー,76,93,28,70,68,61,62,1,,0.0
247,思い出野郎Aチーム,楽しく暮らそう,76,77,30,70,60,61,66,1,,0.0
248,YOUR SONG IS GOOD,SOFT LANDING,72,75,31,71,48,68,68,1,,0.0
249,キセル,ビューティフル デイ,79,86,35,73,67,72,54,1,,0.0
250,Polaris,檸檬,67,92,34,61,49,58,66,1,,0.0
251,clammbon,サラウンド,72,74,26,61,48,68,59,1,,0.0
252,七尾旅人,Rollin' Rollin',68,88,41,58,57,75,61,1,,0.0
253,奇妙礼太郎,散る 散る 満ちる,73,89,30,62,58,73,62,1,,0.0
254,王舟,New Song,75,80,36,75,54,69,57,1,,0.0
255,トクマルシューゴ,Decorate,68,80,39,76,68,60,58,1,,0.0
256,mei semones,Inaka,72,76,28,71,61,66,66,1,2024,1.5
257,betcover!!,平和の大使,69,85,36,67,48,64,70,1,,0.0
258,GEZAN,東京,70,90,22,72,56,68,55,1,2020,0.5
259,ドミコ,ペーパーロールスター,77,91,42,62,68,76,63,1,,0.0
260,Helsinki Lambda Club,Good News Is Bad News,76,85,23,76,51,56,72,1,,0.0
261,odol,往来,71,79,29,68,49,68,62,1,,0.0
262,Laura day romance,渚で会いましょう,71,93,38,68,68,61,63,1,2024,1.5
263,For Tracy Hyde,Floor,72,91,33,64,50,65,68,1,,0.0
264,Luby Sparks,Search + Destroy,71,90,22,66,53,70,64,1,,0.0
265,NOT WONK,Count,73,93,33,67,63,61,62,1,,0.0
266,No Buses,In Peace,72,81,32,77,59,67,55,1,2021,0.5
267,KOTORI,RED,70,90,36,75,66,69,68,1,2021,0.5
268,リーガルリリー,ハナヒカリ,79,88,30,69,59,56,72,1,2020,0.5
269,"Lucie,Too",Heart Wave,70,73,30,59,62,63,61,1,2020,0.5
270,teto,暖かい都会から,69,79,26,73,65,66,65,1,,0.0
271,PK shampoo,君の秘密になりたい,72,92,30,74,52,71,71,1,2022,1.0
272,時速36km,動物的な暮らし,74,78,22,75,66,60,58,1,,0.0
273,ズーカラデル,夢の恋人,72,75,33,63,63,67,58,1,,0.0
274,浪漫革命,今夜だけ,75,90,23,60,68,61,54,1,2022,1.0
275,BREIMEN,yonaki,79,81,29,76,65,72,56,1,2023,1.0
276,AAAMYYY,Over My Dead Body,70,77,35,70,62,70,61,1,,0.0
277,TAMTAM,Beautiful Bad Dream,66,91,39,58,67,56,69,1,2020,0.5
278,Emerald,step out,75,77,31,73,68,57,71,1,2022,1.0
279,Nulbarich,VOICE,71,93,34,67,65,74,66,1,,0.0
280,MONKEY MAJIK,Together,65,85,23,63,56,59,69,1,,0.0
281,ピチカート・ファイヴ,東京は夜の七時,75,90,42,73,51,72,66,1,,0.0
282,フリッパーズ・ギター,恋とマシンガン,78,79,39,62,56,68,53,1,,0.0
283,小沢健二,ぼくらが旅に出る理由,82,83,41,75,58,79,60,1,,0.0
284,Cornelius,THE SUN IS MY ENEMY,71,80,46,70,44,74,54,1,,0.0
285,カヒミ・カリィ,ハミングがきこえる,79,81,35,68,46,71,47,1,,0.0
286,ORIGINAL LOVE,接吻,71,92,55,62,51,66,55,1,,0.0
287,Fishmans,いかれたBaby,81,82,43,69,56,71,53,1,,0.0
288,サニーデイ・サービス,青春狂走曲,79,86,42,67,58,67,49,1,,0.0
289,UA,情熱,78,74,51,75,54,62,66,1,,0.0
290,Chara,やさしい気持ち,76,75,38,62,43,75,46,1,,0.0
291,My Little Lover,"Hello, Again ～昔からある場所～",76,75,51,62,39,79,64,1,,0.0
292,キリンジ,エイリアンズ,69,75,35,65,38,63,55,1,,0.0
293,くるり,東京,82,83,46,75,38,73,62,1,,0.0
294,フジファブリック,若者のすべて,72,89,38,67,44,80,60,1,,0.0
295,SUPERCAR,Strobolights,79,82,53,79,49,76,49,1,,0.0
296,NUMBER GIRL,透明少女,77,75,38,73,53,70,49,1,,0.0
297,ASIAN KUNG-FU GENERATION,君という花,76,78,39,73,45,77,64,1,,0.0
298,BUMP OF CHICKEN,車輪の唄,76,84,43,61,44,80,55,1,,0.0
299,ハナレグミ,家族の風景,77,90,49,74,47,71,66,1,,0.0
300,東京事変,群青日和,76,77,46,67,56,80,56,1,,0.0
301,SEAGULL SCREAMING KISS HER KISS HER,SENTIMENTAL JOURNEY,71,76,39,72,54,82,53,1,,0.0
302,サンボマスター,世界はそれを愛と呼ぶんだぜ,78,78,39,77,43,65,58,1,,0.0
303,レミオロメン,南風,74,90,43,77,46,64,65,1,,0.0
304,チャットモンチー,風吹けば恋,73,86,49,75,48,71,62,1,,0.0
305,GO!GO!7188,こいのうた,75,86,50,69,50,78,54,1,,0.0
306,GRAPEVINE,光について,73,89,42,62,39,79,59,1,,0.0
307,Cymbals,RALLY,77,81,35,61,44,74,57,1,,0.0
308,advantage Lucy,めまい,78,85,51,78,50,68,51,1,,0.0
309,Spangle call Lilli line,nano,74,76,47,69,41,81,63,1,,0.0
310,空気公団,夕暮れ電車に飛び乗れ,70,91,40,60,55,76,57,1,,0.0
311,ROUND TABLE,Let Me Be With You,69,75,51,78,44,65,57,1,,0.0
312,the pillows,Funny Bunny,76,75,49,66,54,72,65,1,,0.0
313,eastern youth,夏の日の午後,69,78,38,64,45,66,61,1,,0.0
314,bloodthirsty butchers,Jack Nicolson,76,92,49,77,43,62,59,1,,0.0
315,BEAT CRUSADERS,HIT IN THE USA,78,91,47,62,51,81,52,1,,0.0
316,ACIDMAN,赤橙,73,88,53,78,57,75,46,1,,0.0
317,ART-SCHOOL,SWAN SONG,73,84,37,72,46,66,52,1,,0.0
318,LOST IN TIME,群青,77,92,50,68,48,70,57,1,,0.0
319,Syrup16g,生活,81,86,46,80,42,64,59,1,,0.0
320,GOING UNDER GROUND,トワイライト,76,85,44,64,56,76,55,1,,0.0
321,フラワーカンパニーズ,深夜高速,77,81,38,70,52,78,64,1,,0.0
322,スネオヘアー,ワルツ,68,85,45,69,54,63,55,1,,0.0
323,曽我部恵一,ギター,76,93,42,70,55,63,52,1,,0.0
324,bonobos,THANK YOU FOR THE MUSIC,75,82,37,79,55,66,52,1,,0.0
325,SAKEROCK,慰安旅行,82,88,46,79,40,65,62,1,,0.0
326,ピチカート・ファイヴ,スウィート・ソウル・レヴュー,76,90,37,78,42,72,61,1,,0.0
327,フリッパーズ・ギター,カメラ! カメラ! カメラ!,78,85,38,79,47,63,57,1,,0.0
328,小沢健二,ラブリー,77,83,36,77,53,66,47,1,,0.0
329,Cornelius,STAR FRUITS SURF RIDER,79,76,42,70,48,80,50,1,,0.0
330,カヒミ・カリィ,Mike Alway's Diary,79,87,38,73,52,80,59,1,,0.0
331,ORIGINAL LOVE,朝日のあたる道 AS TIME GOES BY,79,88,42,74,55,82,61,1,,0.0
332,Fishmans,BABY BLUE,74,83,36,74,44,70,50,1,,0.0
333,サニーデイ・サービス,サマー・ソルジャー,79,76,41,77,40,69,50,1,,0.0
334,UA,甘い運命,73,74,51,79,39,81,52,1,,0.0
335,Chara,タイムマシーン,71,81,43,76,50,65,50,1,,0.0
336,My Little Lover,Man & Woman,77,81,35,63,51,73,46,1,,0.0
337,キリンジ,Drifter,79,92,40,63,49,67,49,1,,0.0
338,くるり,ばらの花,77,76,39,65,45,64,66,1,,0.0
339,フジファブリック,茜色の夕日,81,76,40,76,50,79,63,1,,0.0
340,SUPERCAR,Lucky,69,87,45,67,40,65,56,1,,0.0
341,NUMBER GIRL,OMOIDE IN MY HEAD,78,76,36,70,56,77,53,1,,0.0
342,ASIAN KUNG-FU GENERATION,夏の日、残像,73,93,42,68,58,64,55,1,,0.0
343,BUMP OF CHICKEN,ロストマン,74,90,54,60,50,81,49,1,,0.0
344,ハナレグミ,明日天気になれ,76,81,48,63,42,73,57,1,,0.0
345,東京事変,遭難,76,89,39,64,38,82,57,1,,0.0
346,椎名林檎,茎(STEM)～大名遊ビ編～,73,76,44,68,50,64,57,1,,0.0
347,サンボマスター,美しき人間の日々,71,91,49,66,52,76,59,1,,0.0
348,レミオロメン,電話,80,94,55,75,43,79,61,1,,0.0
349,チャットモンチー,染まるよ,76,81,37,68,41,69,50,1,,0.0
350,GO!GO!7188,浮舟,70,74,54,79,44,62,63,1,,0.0
351,GRAPEVINE,スロウ,78,82,41,71,47,66,47,1,,0.0
352,Cymbals,"Highway Star, Speed Star",79,92,51,64,55,68,63,1,,0.0
353,advantage Lucy,グッバイ,71,80,43,75,43,79,50,1,,0.0
354,Spangle call Lilli line,dreamer,78,78,39,67,58,72,51,1,,0.0
355,空気公団,旅をしませんか,72,82,49,66,51,79,63,1,,0.0
356,ROUND TABLE,Chocolate,78,89,43,61,39,74,63,1,,0.0
357,the pillows,ハイブリッド レインボウ,68,76,44,64,49,71,50,1,,0.0
358,eastern youth,夜明けの歌,69,76,44,61,40,72,46,1,,0.0
359,bloodthirsty butchers,Kocorono,71,87,47,69,45,74,58,1,,0.0
360,BEAT CRUSADERS,FEEL,76,92,40,77,48,70,59,1,,0.0
361,ACIDMAN,造花が笑う,82,83,42,75,53,77,49,1,,0.0
362,ART-SCHOOL,斜陽,81,91,36,74,57,71,56,1,,0.0
363,LOST IN TIME,列車,68,92,45,62,58,64,64,1,,0.0
364,Syrup16g,翌日,76,79,46,67,56,62,60,1,,0.0
365,GOING UNDER GROUND,ハートビート,79,78,35,78,47,73,62,1,,0.0
366,フラワーカンパニーズ,東京タワー,75,92,40,63,46,64,63,1,,0.0
367,スネオヘアー,逆様ブリッジ,80,78,50,71,46,78,48,1,,0.0
368,曽我部恵一,浜辺,73,74,38,63,57,79,47,1,,0.0
369,bonobos,Beautiful,80,82,36,73,53,71,62,1,,0.0
370,SAKEROCK,ホニャララ,72,94,37,64,55,77,51,1,,0.0
371,ピチカート・ファイヴ,ベイビィ・ポータブル・ロック,72,83,35,70,44,81,60,1,,0.0
372,フリッパーズ・ギター,"Young, Alive, in Love",76,76,49,79,51,78,50,1,,0.0
373,小沢健二,ある光,79,82,51,80,55,77,59,1,,0.0
374,Cornelius,If You're Here,78,86,44,72,53,80,60,1,,0.0
375,カヒミ・カリィ,Good Morning World,80,81,40,72,39,73,51,1,,0.0
376,ORIGINAL LOVE,プライマル,79,77,49,67,51,79,58,1,,0.0
377,Fishmans,ナイトクルージング,77,84,45,78,49,76,48,1,,0.0
378,サニーデイ・サービス,恋におちたら,71,74,49,80,47,73,65,1,,0.0
379,UA,悲しみジョニー,81,78,47,77,52,72,66,1,,0.0
380,Chara,Junior Sweet,78,77,47,69,55,82,48,1,,0.0
381,My Little Lover,白いカイト,79,77,54,71,45,76,54,1,,0.0
382,キリンジ,雨は毛布のように,69,80,39,60,49,74,61,1,,0.0
383,くるり,ハイウェイ,72,86,41,74,48,68,56,1,,0.0
384,フジファブリック,赤黄色の金木犀,76,90,51,75,50,70,54,1,,0.0
385,SUPERCAR,YUMEGIWA LAST BOY,73,82,42,80,43,62,57,1,,0.0
386,NUMBER GIRL,鉄風 鋭くなって,78,94,46,70,51,73,46,1,,0.0
387,ASIAN KUNG-FU GENERATION,海岸通り,72,94,39,67,53,62,66,1,,0.0
388,BUMP OF CHICKEN,スノースマイル,78,76,36,79,45,79,64,1,,0.0
389,ハナレグミ,音タイム,77,91,42,63,58,75,52,1,,0.0
390,東京事変,閃光少女,70,82,42,69,44,80,58,1,,0.0
391,椎名林檎,正しい街,74,94,53,75,44,80,51,1,,0.0
392,サンボマスター,青春狂騒曲,68,93,52,62,50,67,66,1,,0.0
393,レミオロメン,雨上がり,73,88,49,71,53,69,53,1,,0.0
394,チャットモンチー,シャングリラ,73,91,42,62,40,65,59,1,,0.0
395,GO!GO!7188,C7,79,77,46,77,57,62,59,1,,0.0
396,Polaris,季節,73,88,35,79,44,68,52,1,,0.0
397,GRAPEVINE,白日,76,94,38,61,40,80,50,1,,0.0
398,Cymbals,午前8時の脱走計画,71,79,43,73,45,80,54,1,,0.0
399,advantage Lucy,Sunny,71,76,51,72,58,64,49,1,,0.0
400,Spangle call Lilli line,ice track,79,81,44,62,46,82,55,1,,0.0
401,空気公団,青い花,74,75,37,77,43,79,60,1,,0.0
402,ROUND TABLE,Every Every Every,78,92,39,63,43,68,63,1,,0.0
403,the pillows,ストレンジ カメレオン,72,83,37,63,58,81,47,1,,0.0
404,eastern youth,青すぎる空,70,75,35,67,40,63,57,1,,0.0
405,bloodthirsty butchers,7月,73,82,35,64,46,79,58,1,,0.0
406,BEAT CRUSADERS,"TONIGHT,TONIGHT,TONIGHT",69,76,40,60,52,72,59,1,,0.0
407,ACIDMAN,ある証明,78,91,50,62,57,68,49,1,,0.0
408,ART-SCHOOL,あと10秒で,69,74,37,61,57,77,54,1,,0.0
409,LOST IN TIME,花,72,87,49,77,40,64,46,1,,0.0
410,Syrup16g,Reborn,79,91,55,68,43,75,60,1,,0.0
411,GOING UNDER GROUND,同じ月を見てた,79,83,38,75,57,66,48,1,,0.0
412,フラワーカンパニーズ,吐きたくなるほど愛されたい,78,93,54,62,46,67,59,1,,0.0
413,スネオヘアー,ストライク,81,82,50,79,39,62,50,1,,0.0
414,曽我部恵一,LOVE-SICK,79,94,35,80,48,64,54,1,,0.0
415,bonobos,Standing There ～いま、そこに行くよ～,81,91,43,71,41,73,58,1,,0.0
416,YOUR SONG IS GOOD,WALKIN' WALKIN',77,80,48,69,43,68,52,1,,0.0
417,SAKEROCK,会社員,76,78,49,80,52,66,53,1,,0.0
418,ピチカート・ファイヴ,陽の当たる大通り,75,88,54,79,56,67,46,1,,0.0
419,フリッパーズ・ギター,Friends Again,74,78,35,78,56,78,50,1,,0.0
420,小沢健二,今夜はブギー・バック,76,87,52,75,38,77,56,1,,0.0
421,Cornelius,Point of View Point,68,78,50,66,56,81,64,1,,0.0
422,カヒミ・カリィ,Tiny King Kong,78,76,36,76,39,65,63,1,,0.0
423,ORIGINAL LOVE,月の裏で会いましょう,73,85,53,75,54,77,48,1,,0.0
424,Fishmans,Weather Report,74,87,46,79,51,67,61,1,,0.0
425,サニーデイ・サービス,白い恋人,81,94,49,77,42,63,64,1,,0.0
426,UA,ミルクティー,71,79,38,70,58,76,66,1,,0.0
427,YEN TOWN BAND,Swallowtail Butterfly~あいのうた~,73,87,53,67,45,69,51,1,,0.0
428,My Little Lover,DESTINY,71,79,40,68,40,65,62,1,,0.0
429,キリンジ,双子座グラフィティ,78,93,38,74,41,78,54,1,,0.0
430,くるり,ワールズエンド・スーパーノヴァ,74,74,46,68,38,66,50,1,,0.0
431,フジファブリック,陽炎,77,81,54,61,43,78,62,1,,0.0
432,SUPERCAR,cream soda,75,90,53,73,49,79,66,1,,0.0
433,NUMBER GIRL,SAMURAI,68,82,36,63,55,80,57,1,,0.0
434,ASIAN KUNG-FU GENERATION,ソラニン,71,80,41,72,57,80,65,1,,0.0
435,BUMP OF CHICKEN,K,80,80,55,70,57,78,60,1,,0.0
436,ハナレグミ,光と影,79,93,43,62,45,79,65,1,,0.0
437,東京事変,能動的三分間,70,74,45,70,54,69,59,1,,0.0
438,椎名林檎,ギブス,68,82,36,70,47,72,57,1,,0.0
439,サンボマスター,できっこないを やらなくちゃ,74,75,40,75,58,79,49,1,,0.0
440,レミオロメン,3月9日,78,90,37,74,42,67,50,1,,0.0
441,チャットモンチー,恋愛スピリッツ,77,94,47,68,51,68,59,1,,0.0
442,GO!GO!7188,ジェットにんぢん,73,93,51,61,41,68,54,1,,0.0
443,clammbon,便箋歌,76,89,48,70,58,63,60,1,,0.0
444,GRAPEVINE,風待ち,71,76,44,68,55,79,49,1,,0.0
445,Cymbals,My Brave Face,74,80,42,67,46,80,46,1,,0.0
446,advantage Lucy,メトロ,72,79,44,76,41,71,63,1,,0.0
447,Spangle call Lilli line,cast a spell on her,79,78,50,74,55,63,65,1,,0.0
448,空気公団,うつろいゆく街で,70,79,50,68,43,82,55,1,,0.0
449,ROUND TABLE,Bossa Rossa,73,89,38,74,43,65,55,1,,0.0
450,the pillows,LITTLE BUSTERS,75,94,53,73,44,67,63,1,,0.0
451,WANDS,Secret Night ～It's My Treat～,73,74,85,68,30,84,72,1,,0.0
452,大黒摩季,Harlem Night,82,72,94,63,44,67,56,0,,0.0
453,LINDBERG,清く正しく行こう,76,66,84,67,33,65,63,1,,0.0
454,爆風スランプ,月光,82,76,92,66,32,66,58,0,,0.0
455,ZARD,IN MY ARMS TONIGHT,75,76,80,56,42,71,67,1,,0.0
456,FIELD OF VIEW,突然,75,70,83,58,44,71,70,1,,0.0
457,DEEN,翼を広げて,74,74,87,63,33,79,58,1,,0.0
458,T-BOLAN,すれ違いの純情,79,69,86,48,48,76,59,0,,0.0
459,B'z,MOTEL,74,76,84,63,38,85,68,1,,0.0
460,Mr.Children,CROSS ROAD,68,77,77,60,45,82,72,1,,0.0
461,スピッツ,裸のままで,77,68,88,56,38,66,53,1,,0.0
462,サザンオールスターズ,エロティカ・セブン,66,59,74,58,39,85,62,1,,0.0
463,JUDY AND MARY,BLUE TEARS,77,73,89,55,34,69,63,1,,0.0
464,THE YELLOW MONKEY,JAM,73,72,77,54,46,65,60,1,,0.0
465,L'Arc～en～Ciel,metropolis,77,66,91,50,31,79,71,1,,0.0
466,GLAY,Freeze My Love,83,63,92,57,47,76,73,0,,0.0
467,LUNA SEA,ROSIER,78,73,80,55,37,79,60,1,,0.0
468,X JAPAN,DAHLIA,75,73,85,58,42,80,54,1,,0.0
469,hide with Spread Beaver,ROCKET DIVE,77,76,84,63,43,78,60,1,,0.0
470,TM NETWORK,69/99,76,74,91,68,48,75,68,0,,0.0
471,TRF,masquerade,74,77,84,67,46,82,73,1,,0.0
472,globe,FREEDOM,73,70,77,57,39,84,55,1,,0.0
473,Every Little Thing,Shapes Of Love,77,72,90,66,33,69,69,1,,0.0
474,PUFFY,アジアの純真,75,79,77,49,44,68,65,1,,0.0
475,ウルフルズ,大阪ストラット,77,59,89,49,46,78,53,1,,0.0
476,シャ乱Q,上・京・物・語,75,68,82,57,44,79,59,1,,0.0
477,KAN,東京ライフ,74,66,77,51,31,85,62,1,,0.0
478,槇原敬之,Hungry Spider,73,65,91,58,44,70,54,1,,0.0
479,山崎まさよし,中華料理,74,79,91,53,34,78,69,1,,0.0
480,斉藤和義,幸福な朝食 退屈な夕食,73,63,85,60,32,75,70,1,,0.0
481,奥田民生,愛のために,83,75,83,57,34,67,73,1,,0.0
482,UNICORN,すばらしい日々,82,73,92,49,33,74,73,1,,0.0
483,THE BLUE HEARTS,月の爆撃機,72,64,74,54,48,72,58,1,,0.0
484,THE HIGH-LOWS,日曜日よりの使者,78,78,81,48,32,81,63,1,,0.0
485,JUN SKY WALKER(S),START,73,65,78,48,32,79,72,1,,0.0
486,REBECCA,MOON,71,59,75,57,48,73,54,1,,0.0
487,PRINCESS PRINCESS,OH YEAH!,72,77,86,65,40,79,64,1,,0.0
488,渡辺美里,BELIEVE,75,59,83,54,31,69,66,1,,0.0
489,小泉今日子,Fade Out,78,75,92,62,42,80,62,0,,0.0
490,森高千里,渡良瀬橋,78,79,80,60,29,72,64,1,,0.0
491,米米CLUB,sure danse,70,74,74,57,38,66,57,1,,0.0
492,CHAGE and ASKA,WALK,72,72,87,60,40,70,58,1,,0.0
493,DREAMS COME TRUE,眼鏡越しの空,76,73,94,64,45,66,58,1,,0.0
494,久保田利伸,流星のサドル,72,79,88,63,28,73,54,1,,0.0
495,MISIA,つつみ込むように…,83,62,84,50,44,74,69,1,,0.0
496,宇多田ヒカル,Letters,82,60,92,58,34,78,69,0,,0.0
497,浜崎あゆみ,WHATEVER,79,67,88,49,42,84,53,1,,0.0
498,安室奈美恵,CAN YOU CELEBRATE?,66,62,77,62,41,79,58,1,,0.0
499,SPEED,White Love,74,70,74,57,48,71,64,1,,0.0
500,モーニング娘。,Memory 青春の光,81,73,94,58,43,75,60,0,,0.0
501,ポルノグラフィティ,ヒトリノ夜,77,72,92,57,37,71,59,1,,0.0
502,Do As Infinity,Oasis,81,77,89,58,29,78,65,0,,0.0
503,hitomi,by myself,82,66,83,60,33,80,54,0,,0.0
504,the brilliant green,There will be love there -愛のある場所-,82,62,80,68,36,69,70,1,,0.0
505,Tommy february6,EVERYDAY AT THE BUS STOP,76,77,76,64,33,68,73,1,,0.0
506,Luminous Orange,walkblind,81,59,87,61,38,71,62,1,,0.0
507,aiko,カブトムシ,74,75,78,66,30,67,58,1,,0.0
508,矢井田瞳,My Sweet Darlin',81,79,85,64,33,68,54,1,,0.0
509,夏川りみ,涙そうそう,82,76,92,51,32,68,61,1,,0.0
510,BEGIN,島人ぬ宝,78,70,86,60,46,81,66,1,,0.0
511,THE BOOM,中央線,78,66,92,64,34,77,59,1,,0.0
512,TUBE,シーズン・イン・ザ・サン,77,60,89,57,30,67,70,1,,0.0
513,WANDS,世界が終るまでは…,80,74,88,57,36,65,73,1,,0.0
514,大黒摩季,夏が来る,66,68,78,48,40,69,73,1,,0.0
515,LINDBERG,BELIEVE IN LOVE,80,77,88,50,42,72,56,1,,0.0
516,爆風スランプ,大きな玉ねぎの下で,79,77,92,68,28,67,63,1,,0.0
517,ZARD,揺れる想い,79,70,81,61,41,68,67,1,,0.0
518,FIELD OF VIEW,DAN DAN 心魅かれてく,71,68,75,55,46,81,61,1,,0.0
519,DEEN,瞳そらさないで,76,79,93,58,48,74,56,1,,0.0
520,T-BOLAN,じれったい愛,78,78,87,53,32,83,59,1,,0.0
521,B'z,裸足の女神,80,76,91,54,47,67,55,1,,0.0
522,Mr.Children,Tomorrow never knows,70,78,74,63,37,81,59,1,,0.0
523,スピッツ,渚,79,63,87,61,34,72,60,1,,0.0
524,サザンオールスターズ,希望の轍,77,72,85,63,48,78,53,1,,0.0
525,JUDY AND MARY,そばかす,80,69,89,65,31,75,72,1,,0.0
526,THE YELLOW MONKEY,SPARK,73,70,78,51,41,66,59,1,,0.0
527,L'Arc～en～Ciel,虹,66,77,74,58,35,78,53,1,,0.0
528,GLAY,HOWEVER,78,78,82,51,46,76,59,1,,0.0
529,LUNA SEA,TRUE BLUE,82,75,94,48,47,71,67,1,,0.0
530,X JAPAN,Rusty Nail,82,70,92,48,41,65,59,1,,0.0
531,hide with Spread Beaver,ピンク スパイダー,73,60,74,50,44,74,67,1,,0.0
532,TM NETWORK,BEYOND THE TIME,75,69,74,58,36,77,63,1,,0.0
533,TRF,survival dAnce ～no no cry more～,76,72,89,63,40,84,71,1,,0.0
534,globe,Feel Like dance,73,64,78,49,38,68,59,1,,0.0
535,Every Little Thing,For the moment,75,78,74,53,32,75,59,1,,0.0
536,PUFFY,これが私の生きる道,79,78,85,62,31,67,73,1,,0.0
537,ウルフルズ,ガッツだぜ!!,76,71,75,48,35,80,61,1,,0.0
538,シャ乱Q,ズルい女,68,75,76,56,41,84,55,1,,0.0
539,KAN,まゆみ,80,69,89,51,42,84,63,1,,0.0
540,槇原敬之,もう恋なんてしない,79,75,87,51,29,76,63,1,,0.0
541,山崎まさよし,セロリ,80,65,91,66,47,75,66,1,,0.0
542,斉藤和義,歩いて帰ろう,83,60,87,58,44,77,70,1,,0.0
543,奥田民生,さすらい,80,79,84,50,29,77,72,1,,0.0
544,UNICORN,大迷惑,81,74,92,68,29,69,66,1,,0.0
545,THE BLUE HEARTS,TRAIN-TRAIN,82,60,94,62,46,75,59,1,,0.0
546,THE HIGH-LOWS,青春,69,69,76,58,35,76,73,1,,0.0
547,JUN SKY WALKER(S),すてきな夜空,78,78,91,65,28,78,66,1,,0.0
548,REBECCA,RASPBERRY DREAM,81,63,81,57,28,82,63,1,,0.0
549,PRINCESS PRINCESS,Diamonds,65,69,75,61,39,77,64,1,,0.0
550,渡辺美里,10 years,78,65,81,55,29,78,71,1,,0.0
551,小泉今日子,木枯しに抱かれて,79,78,84,48,28,83,57,1,,0.0
552,森高千里,雨,76,76,89,65,37,81,53,1,,0.0
553,米米CLUB,君がいるだけで,77,69,82,66,42,65,68,1,,0.0
554,CHAGE and ASKA,YAH YAH YAH,78,60,82,55,48,72,53,1,,0.0
555,DREAMS COME TRUE,LOVE LOVE LOVE,77,74,76,68,28,85,53,1,,0.0
556,久保田利伸,Missing,75,59,89,58,45,67,56,1,,0.0
557,MISIA,Everything,75,71,89,57,31,68,64,1,,0.0
558,宇多田ヒカル,First Love,78,79,82,58,34,74,61,1,,0.0
559,浜崎あゆみ,appears,79,61,82,64,47,74,67,1,,0.0
560,安室奈美恵,SWEET 19 BLUES,78,68,80,51,39,67,73,1,,0.0
561,SPEED,my graduation,78,76,82,48,30,68,54,1,,0.0
562,モーニング娘。,恋愛レボリューション21,78,69,83,61,31,78,59,1,,0.0
563,ポルノグラフィティ,サウダージ,78,79,87,61,46,71,70,1,,0.0
564,Do As Infinity,Yesterday & Today,77,73,94,57,46,72,58,1,,0.0
565,hitomi,CANDY GIRL,83,61,84,58,35,80,66,1,,0.0
566,the brilliant green,冷たい花,78,71,86,56,48,80,54,1,,0.0
567,Tommy february6,je t'aime ★ je t'aime,70,70,79,66,47,66,59,1,,0.0
568,54-71,Life,80,63,88,66,35,81,55,1,,0.0
569,aiko,花火,81,70,92,68,42,67,64,1,,0.0
570,矢井田瞳,Look Back Again,68,72,77,56,47,83,69,1,,0.0
571,夏川りみ,童神～ヤマトグチ～,71,64,78,62,43,71,67,1,,0.0
572,BEGIN,恋しくて,79,65,82,67,31,82,56,1,,0.0
573,THE BOOM,風になりたい,82,72,86,52,31,82,56,1,,0.0
574,TUBE,夏を待ちきれなくて,75,73,76,56,38,78,57,1,,0.0
575,WANDS,もっと強く抱きしめたなら,76,77,75,50,30,69,58,1,,0.0
576,大黒摩季,あなただけ見つめてる,81,75,89,55,47,67,68,1,,0.0
577,LINDBERG,恋をしようよ Yeah! Yeah!,74,74,76,48,30,65,70,1,,0.0
578,爆風スランプ,リゾ・ラバ,71,77,75,59,48,75,72,1,,0.0
579,ZARD,きっと忘れない,81,66,81,57,44,82,62,1,,0.0
580,FIELD OF VIEW,Last Good-bye,81,59,82,65,36,83,61,1,,0.0
581,DEEN,Teenage dream,83,64,84,53,35,69,53,1,,0.0
582,T-BOLAN,Bye For Now,82,73,94,54,30,73,73,1,,0.0
583,B'z,LOVE PHANTOM,77,77,80,48,38,76,61,1,,0.0
584,Mr.Children,名もなき詩,74,79,80,68,39,75,59,1,,0.0
585,スピッツ,楓,82,71,94,56,36,78,68,1,,0.0
586,サザンオールスターズ,涙のキッス,73,65,74,61,29,75,73,1,,0.0
587,JUDY AND MARY,クラシック,77,64,91,54,31,68,73,1,,0.0
588,THE YELLOW MONKEY,LOVE LOVE SHOW,78,77,80,57,32,70,62,1,,0.0
589,L'Arc～en～Ciel,HONEY,79,65,84,49,37,72,65,1,,0.0
590,GLAY,SOUL LOVE,77,62,85,56,38,84,63,1,,0.0
591,LUNA SEA,I for You,78,68,89,65,29,85,63,1,,0.0
592,X JAPAN,Forever Love,66,67,74,68,30,75,60,1,,0.0
593,hide with Spread Beaver,ever free,75,69,94,49,41,66,56,1,,0.0
594,TM NETWORK,Self Control,78,62,82,50,47,67,62,1,,0.0
595,TRF,BOY MEETS GIRL,77,75,85,63,45,75,69,1,,0.0
596,globe,Can't Stop Fallin' in Love,78,72,83,64,34,76,73,1,,0.0
597,Every Little Thing,Dear My Friend,82,60,93,56,32,66,59,1,,0.0
598,PUFFY,渚にまつわるエトセトラ,81,71,82,50,30,66,54,1,,0.0
599,ウルフルズ,かわいいひと,76,66,75,55,32,79,66,1,,0.0
600,シャ乱Q,いいわけ,76,64,92,54,45,72,53,1,,0.0
601,KAN,言えずのI LOVE YOU,75,74,82,59,48,80,60,1,,0.0
602,槇原敬之,遠く遠く,78,59,82,58,30,72,61,1,,0.0
603,山崎まさよし,僕はここにいる,83,70,84,54,44,68,71,1,,0.0
604,斉藤和義,彼女,76,63,83,61,38,66,71,1,,0.0
605,奥田民生,イージュー★ライダー,78,76,85,60,30,80,58,1,,0.0
606,UNICORN,雪が降る町,67,62,74,52,40,76,57,1,,0.0
607,THE BLUE HEARTS,青空,80,70,94,59,43,65,70,1,,0.0
608,THE HIGH-LOWS,千年メダル,77,79,77,56,42,73,58,1,,0.0
609,JUN SKY WALKER(S),歩いていこう,74,63,74,50,41,77,58,1,,0.0
610,REBECCA,Maybe Tomorrow,76,59,93,52,35,80,69,1,,0.0
611,PRINCESS PRINCESS,世界でいちばん熱い夏,69,78,74,50,43,83,72,1,,0.0
612,渡辺美里,サマータイム ブルース,79,72,85,68,37,67,62,1,,0.0
613,小泉今日子,優しい雨,82,64,94,67,29,70,65,1,,0.0
614,森高千里,私がオバさんになっても,68,68,77,67,38,70,57,1,,0.0
615,米米CLUB,Shake Hip!,78,78,84,68,41,67,69,1,,0.0
616,CHAGE and ASKA,LOVE SONG,75,78,89,61,43,66,72,1,,0.0
617,DREAMS COME TRUE,決戦は金曜日,82,74,93,50,42,72,62,1,,0.0
618,久保田利伸,LOVE RAIN ～恋の雨～,80,78,88,54,33,72,64,1,,0.0
619,MISIA,陽のあたる場所,79,75,86,51,47,68,66,1,,0.0
620,宇多田ヒカル,traveling,77,77,80,60,31,78,67,1,,0.0
621,高田渡,生活の柄,73,76,59,74,52,68,43,1,,0.0
622,はっぴいえんど,風をあつめて,72,74,43,71,51,76,57,1,,0.0
623,細野晴臣,恋は桃色,78,86,55,73,44,73,40,1,,0.0
624,大貫妙子,4:00A.M.,76,82,56,65,37,82,44,1,,0.0
625,荒井由実,中央フリーウェイ,81,79,47,80,51,79,48,1,,0.0
626,松任谷由実,守ってあげたい,74,85,59,81,43,69,39,1,,0.0
627,大滝詠一,君は天然色,77,75,54,74,42,63,40,1,,0.0
628,山下達郎,SPARKLE,77,75,47,72,48,81,39,1,,0.0
629,竹内まりや,SEPTEMBER,79,72,46,82,43,66,42,1,,0.0
630,RCサクセション,スローバラード,79,80,55,64,53,83,58,1,,0.0
631,井上陽水,少年時代,77,82,48,65,48,71,55,1,,0.0
632,矢野顕子,ひとつだけ,72,80,59,78,39,79,57,1,,0.0
633,小坂忠,ほうろう,75,72,49,72,49,76,41,1,,0.0
634,吉田美奈子,夢で逢えたら,70,72,46,74,55,79,56,1,,0.0
635,南佳孝,モンロー・ウォーク,79,88,42,78,43,78,48,1,,0.0
636,鈴木茂,砂の女,79,80,62,77,42,83,39,1,,0.0
637,ティン・パン・アレー,ソバカスのある少女,74,78,62,80,46,81,45,1,,0.0
638,シュガー・ベイブ,DOWN TOWN,72,79,45,65,36,66,52,1,,0.0
639,EPO,DOWN TOWN,72,76,59,82,41,70,47,1,,0.0
640,杉真理,バカンスはいつも雨,78,80,61,71,50,64,38,1,,0.0
641,佐野元春,SOMEDAY,81,89,55,80,46,81,45,1,,0.0
642,大江千里,格好悪いふられ方,74,79,62,73,36,71,55,1,,0.0
643,小沢健二,天使たちのシーン,76,91,51,77,47,74,45,1,,0.0
644,オフコース,さよなら,81,85,54,71,46,79,48,1,,0.0
645,チューリップ,青春の影,75,87,49,76,51,76,44,1,,0.0
646,かぐや姫,神田川,74,81,52,81,45,72,46,1,,0.0
647,風,22才の別れ,69,82,49,66,50,77,42,1,,0.0
648,吉田拓郎,落陽,75,74,51,68,40,82,46,1,,0.0
649,井上陽水・安全地帯,夏の終りのハーモニー,70,78,57,79,36,69,40,1,,0.0
650,安全地帯,ワインレッドの心,73,89,49,66,52,82,53,1,,0.0
651,中島みゆき,時代,75,77,53,76,55,73,38,1,,0.0
652,松山千春,大空と大地の中で,77,75,56,79,36,76,58,1,,0.0
653,さだまさし,案山子,79,75,43,80,43,70,40,1,,0.0
654,イルカ,なごり雪,76,81,60,67,47,70,49,1,,0.0
655,山崎ハコ,呪い,80,79,55,79,41,70,56,1,,0.0
656,友部正人,一本道,75,87,56,68,44,64,47,1,,0.0
657,三上寛,夢は夜ひらく,75,90,62,75,56,67,43,1,,0.0
658,遠藤賢司,カレーライス,73,75,45,81,55,66,48,1,,0.0
659,加川良,教訓I,75,88,55,69,36,80,58,1,,0.0
660,岡林信康,山谷ブルース,77,91,61,64,53,83,46,1,,0.0
661,森田童子,ぼくたちの失敗,72,78,52,74,50,77,53,1,,0.0
662,浅川マキ,夜が明けたら,73,75,55,76,49,63,51,1,,0.0
663,カルメン・マキ,時には母のない子のように,77,80,56,66,39,82,49,1,,0.0
664,山下久美子,赤道小町ドキッ,73,85,55,70,56,63,50,1,,0.0
665,杏里,オリビアを聴きながら,77,85,43,75,45,65,50,1,,0.0
666,角松敏生,Sea Line,67,74,60,66,55,82,58,1,,0.0
667,稲垣潤一,ドラマティック・レイン,76,82,47,78,48,69,39,1,,0.0
668,杉山清貴&オメガトライブ,SUMMER SUSPICION,74,83,45,78,43,74,42,1,,0.0
669,1986オメガトライブ,君は1000%,72,72,48,82,51,80,57,1,,0.0
670,松原みき,真夜中のドア～Stay With Me,76,73,50,74,53,79,47,1,,0.0
671,亜蘭知子,Midnight Pretenders,69,81,53,72,47,65,56,1,,0.0
672,濱田金吾,街のドルフィン,71,73,44,80,53,74,58,1,,0.0
673,寺尾聰,ルビーの指環,74,76,49,64,55,71,45,1,,0.0
674,来生たかお,夢の途中,75,82,55,82,38,76,57,1,,0.0
675,薬師丸ひろ子,Woman “Wの悲劇”より,74,85,42,83,40,68,46,1,,0.0
676,松田聖子,夏の扉,73,87,50,69,42,82,54,1,,0.0
677,中森明菜,スローモーション,69,77,54,71,51,68,41,1,,0.0
678,山口百恵,さよならの向う側,76,72,49,73,46,68,39,1,,0.0
679,太田裕美,木綿のハンカチーフ,79,92,51,71,54,82,55,1,,0.0
680,キャンディーズ,春一番,81,90,45,66,56,80,56,1,,0.0
681,松本伊代,センチメンタル・ジャーニー,69,72,56,71,50,64,49,1,,0.0
682,斉藤由貴,卒業,70,73,56,73,46,82,44,1,,0.0
683,原田知世,時をかける少女,79,82,57,65,47,76,44,1,,0.0
684,高田渡,コーヒーブルース,73,84,56,69,50,65,58,1,,0.0
685,はっぴいえんど,夏なんです,70,80,57,73,47,72,48,1,,0.0
686,細野晴臣,終りの季節,72,78,60,75,56,71,53,1,,0.0
687,大貫妙子,都会,72,87,44,80,52,70,39,1,,0.0
688,荒井由実,海を見ていた午後,81,82,57,81,49,73,43,1,,0.0
689,松任谷由実,DOWNTOWN BOY,75,81,45,84,50,76,46,1,,0.0
690,大滝詠一,恋するカレン,78,86,44,81,41,72,42,1,,0.0
691,山下達郎,RIDE ON TIME,67,81,58,66,39,69,53,1,,0.0
692,竹内まりや,プラスティック・ラブ,77,81,44,66,39,83,52,1,,0.0
693,RCサクセション,雨あがりの夜空に,79,89,45,83,51,77,39,1,,0.0
694,井上陽水,夢の中へ,71,75,54,70,52,68,46,1,,0.0
695,矢野顕子,春咲小紅,79,90,56,84,41,72,58,1,,0.0
696,小坂忠,しらけちまうぜ,75,91,60,74,39,73,39,1,,0.0
697,吉田美奈子,恋は流星,73,88,42,83,55,66,55,1,,0.0
698,南佳孝,スローなブギにしてくれ,78,82,48,80,38,64,55,1,,0.0
699,鈴木茂,八月の匂い,80,92,62,64,38,77,53,1,,0.0
700,ティン・パン・アレー,香港ブルース,77,78,55,65,36,63,58,1,,0.0
701,シュガー・ベイブ,今日はなんだか,80,92,53,67,55,74,47,1,,0.0
702,EPO,う、ふ、ふ、ふ、,70,92,43,65,40,69,51,1,,0.0
703,杉真理,いとしのテラ,75,91,48,79,54,70,46,1,,0.0
704,佐野元春,アンジェリーナ,70,77,59,81,39,67,38,1,,0.0
705,大江千里,Rain,73,92,60,71,49,69,58,1,,0.0
706,オフコース,秋の気配,73,88,50,74,41,80,43,1,,0.0
707,チューリップ,心の旅,77,78,59,73,37,83,52,1,,0.0
708,かぐや姫,赤ちょうちん,69,79,48,68,40,73,44,1,,0.0
709,風,海岸通,72,87,43,74,43,70,43,1,,0.0
710,吉田拓郎,旅の宿,76,83,45,67,45,75,50,1,,0.0
711,井上陽水,帰れない二人,74,85,50,77,49,71,45,1,,0.0
712,安全地帯,恋の予感,79,74,56,77,43,70,56,1,,0.0
713,中島みゆき,わかれうた,71,82,42,79,52,75,44,1,,0.0
714,松山千春,恋,74,92,51,73,42,64,53,1,,0.0
715,さだまさし,関白宣言,77,79,47,75,36,65,50,1,,0.0
716,イルカ,海岸通,76,88,44,78,47,81,52,1,,0.0
717,山崎ハコ,織江の唄,77,76,52,68,54,64,39,1,,0.0
718,友部正人,夕日は昇る,77,82,52,73,45,73,39,1,,0.0
719,三上寛,ひびけ電気釜!!,79,72,62,82,38,75,53,1,,0.0
720,遠藤賢司,満足できるかな,77,81,60,84,56,82,38,1,,0.0
721,加川良,下宿屋,72,78,55,75,45,78,53,1,,0.0
722,岡林信康,友よ,74,73,55,65,46,64,46,1,,0.0
723,森田童子,さよならぼくのともだち,75,77,60,67,56,77,55,1,,0.0
724,浅川マキ,かもめ,79,79,50,69,48,79,40,1,,0.0
725,カルメン・マキ,山羊にひかれて,80,81,59,81,38,78,52,1,,0.0
726,山下久美子,バスルームから愛をこめて,76,76,48,81,36,78,44,1,,0.0
727,杏里,CAT'S EYE,72,87,55,71,48,76,48,1,,0.0
728,角松敏生,If You Wanna Dance,81,87,44,84,52,75,44,1,,0.0
729,稲垣潤一,夏のクラクション,68,82,62,69,56,64,54,1,,0.0
730,杉山清貴&オメガトライブ,ふたりの夏物語,72,86,43,67,47,83,40,1,,0.0
731,1986オメガトライブ,Super Chance,69,73,62,75,50,73,43,1,,0.0
732,松原みき,ニートな午後3時,68,77,58,66,44,76,47,1,,0.0
733,亜蘭知子,I'm In Love,80,83,52,82,40,82,50,1,,0.0
734,濱田金吾,Midnight Cruisin',74,86,55,76,48,82,53,1,,0.0
735,寺尾聰,SHADOW CITY,70,85,52,72,42,64,39,1,,0.0
736,来生たかお,Goodbye Day,81,80,48,80,40,77,45,1,,0.0
737,薬師丸ひろ子,セーラー服と機関銃,78,90,53,84,39,69,49,1,,0.0
738,松田聖子,瑠璃色の地球,75,92,52,78,41,78,45,1,,0.0
739,中森明菜,セカンド・ラブ,70,91,47,67,38,63,40,1,,0.0
740,山口百恵,秋桜,74,83,44,80,51,71,49,1,,0.0
741,太田裕美,さらばシベリア鉄道,76,72,61,70,48,75,55,1,,0.0
742,キャンディーズ,やさしい悪魔,72,84,59,84,54,69,52,1,,0.0
743,松本伊代,TVの国からキラキラ,72,90,52,65,45,82,58,1,,0.0
744,斉藤由貴,悲しみよこんにちは,78,79,48,81,46,63,54,1,,0.0
745,原田知世,天国にいちばん近い島,75,77,61,65,56,70,53,1,,0.0
746,高田渡,夕暮れ,69,76,58,76,56,68,56,1,,0.0
747,はっぴいえんど,はいからはくち,69,76,53,70,44,80,41,1,,0.0
748,細野晴臣,北京ダック,77,81,60,83,37,79,47,1,,0.0
749,大貫妙子,海と少年,75,79,49,66,53,68,38,1,,0.0
750,荒井由実,ひこうき雲,76,72,57,67,51,69,54,1,,0.0
751,松任谷由実,"Hello, my friend",81,92,50,80,40,79,42,1,,0.0
752,大滝詠一,雨のウェンズデイ,79,76,49,76,40,77,46,1,,0.0
753,山下達郎,高気圧ガール,72,91,48,73,42,78,55,1,,0.0
754,竹内まりや,元気を出して,69,82,49,68,38,63,40,1,,0.0
755,RCサクセション,トランジスタ・ラジオ,71,73,43,80,43,72,50,1,,0.0
756,井上陽水,傘がない,71,88,54,68,53,77,40,1,,0.0
757,矢野顕子,ラーメンたべたい,75,75,46,66,38,73,46,1,,0.0
758,小坂忠,ありがとう,72,73,46,69,46,73,43,1,,0.0
759,吉田美奈子,TOWN,74,86,59,78,51,74,51,1,,0.0
760,南佳孝,プールサイド,73,72,48,81,49,79,43,1,,0.0
761,鈴木茂,LADY PINK PANTHER,70,74,49,80,48,67,40,1,,0.0
762,ティン・パン・アレー,北京ダック,81,86,59,79,48,77,48,1,,0.0
763,シュガー・ベイブ,SHOW,74,79,61,70,39,74,57,1,,0.0
764,EPO,土曜の夜はパラダイス,81,79,58,69,56,82,52,1,,0.0
765,杉真理,Key Station,71,80,45,79,46,76,46,1,,0.0
766,佐野元春,ガラスのジェネレーション,67,73,59,69,43,71,43,1,,0.0
767,大江千里,十人十色,73,87,48,75,46,78,46,1,,0.0
768,小沢健二,いちょう並木のセレナーデ,80,87,49,82,52,73,54,1,,0.0
769,オフコース,Yes-No,78,89,48,82,44,65,49,1,,0.0
770,チューリップ,虹とスニーカーの頃,73,84,51,80,42,68,43,1,,0.0
771,サカナクション,夜の踊り子,69,56,76,57,44,63,74,1,,0.0
772,星野源,くだらないの中に,81,75,87,53,25,67,67,1,,0.0
773,米津玄師,アイネクライネ,76,70,76,61,25,66,78,1,,0.0
774,Official髭男dism,Stand By You,88,58,88,48,25,60,70,1,,0.0
775,King Gnu,白日,69,66,77,60,45,69,81,1,,0.0
776,Vaundy,東京フラッシュ,76,76,78,48,27,68,80,1,,0.0
777,藤井風,何なんw,72,63,73,49,28,59,62,1,,0.0
778,あいみょん,君はロックを聴かない,74,61,73,57,44,50,72,1,,0.0
779,ヨルシカ,ただ君に晴れ,87,69,82,51,41,56,64,1,,0.0
780,ずっと真夜中でいいのに。,秒針を噛む,76,61,77,60,27,59,75,1,,0.0
781,YOASOBI,夜に駆ける,73,70,77,61,39,52,62,1,,0.0
782,Aimer,カタオモイ,66,64,68,61,40,50,70,1,,0.0
783,milet,inside you,75,70,79,59,27,51,69,1,,0.0
784,緑黄色社会,Mela!,88,70,82,59,44,51,81,1,2020,0.5
785,Saucy Dog,いつか,71,70,78,63,30,53,65,1,,0.0
786,マカロニえんぴつ,ブルーベリー・ナイツ,75,62,72,56,30,55,82,1,,0.0
787,クリープハイプ,栞,87,62,87,58,31,61,67,1,,0.0
788,indigo la End,夏夜のマジック,82,58,81,59,35,69,81,1,,0.0
789,ゲスの極み乙女,ロマンスがありあまる,81,63,80,51,25,54,80,1,,0.0
790,Mrs. GREEN APPLE,青と夏,89,60,85,45,34,58,67,1,,0.0
791,RADWIMPS,ふたりごと,69,64,69,54,38,58,63,1,,0.0
792,back number,花束,75,68,72,45,30,51,66,1,,0.0
793,andymori,1984,74,69,75,50,38,67,68,1,,0.0
794,Galileo Galilei,青い栞,72,58,78,64,45,57,62,1,,0.0
795,Base Ball Bear,17才,86,61,86,51,29,66,64,1,,0.0
796,フレデリック,オドループ,75,58,78,50,30,65,69,1,,0.0
797,KANA-BOON,ないものねだり,71,72,68,63,39,56,66,1,,0.0
798,SHISHAMO,明日も,75,68,72,50,25,58,81,1,,0.0
799,チャラン・ポ・ランタン,進め、たまに逃げても,86,73,80,48,41,61,76,1,,0.0
800,Awesome City Club,勿忘,74,59,68,48,39,62,75,1,2021,0.5
801,Cody・Lee(李),我愛你,81,64,82,45,34,59,73,1,2020,0.5
802,マハラージャン,セーラ☆ムン太郎,70,73,69,51,26,52,81,1,2021,0.5
803,離婚伝説,愛が一層メロウ,88,61,88,65,28,55,81,1,2022,1.0
804,Kroi,Balmy Life,72,73,79,48,29,59,62,1,2021,0.5
805,WONK,Rollin',85,61,86,50,44,61,73,1,,0.0
806,imase,NIGHT DANCER,70,59,79,60,33,62,76,1,2022,1.0
807,TOMOO,Ginger,69,75,69,55,32,61,65,1,2022,1.0
808,Hana Hope,flowers,77,69,78,64,34,61,79,1,2023,1.0
809,新しい学校のリーダーズ,オトナブルー,74,56,76,48,32,65,80,1,2020,0.5
810,サカナクション,新宝島,88,57,84,64,32,61,63,1,,0.0
811,星野源,SUN,87,66,86,61,41,60,75,1,,0.0
812,米津玄師,LOSER,85,61,81,58,36,69,72,1,,0.0
813,Official髭男dism,Pretender,83,70,86,59,27,70,79,1,,0.0
814,King Gnu,飛行艇,81,74,86,53,25,63,77,1,,0.0
815,Vaundy,不可幸力,74,59,69,55,32,68,80,1,2020,0.5
816,藤井風,優しさ,86,58,81,65,43,70,67,1,2020,0.5
817,あいみょん,マリーゴールド,72,71,73,60,36,50,79,1,,0.0
818,ヨルシカ,だから僕は音楽を辞めた,73,68,68,65,30,61,68,1,,0.0
819,ずっと真夜中でいいのに。,正しくなれない,87,76,86,45,45,68,82,1,2020,0.5
820,YOASOBI,群青,86,75,83,45,28,64,67,1,2020,0.5
821,Aimer,蝶々結び,70,66,76,54,42,54,76,1,,0.0
822,milet,us,71,76,72,52,34,50,81,1,,0.0
823,緑黄色社会,Shout Baby,76,57,73,63,44,59,79,1,2020,0.5
824,Saucy Dog,シンデレラボーイ,87,62,85,59,26,51,64,1,2021,0.5
825,マカロニえんぴつ,恋人ごっこ,76,65,79,64,45,65,78,1,2020,0.5
826,クリープハイプ,社会の窓,67,72,69,54,45,55,79,1,,0.0
827,indigo la End,瞳に映らない,87,64,82,46,35,69,74,1,,0.0
828,ゲスの極み乙女,私以外私じゃないの,88,69,88,52,27,59,65,1,,0.0
829,Mrs. GREEN APPLE,僕のこと,87,70,85,63,35,61,77,1,,0.0
830,RADWIMPS,有心論,86,60,81,58,42,68,67,1,,0.0
831,back number,高嶺の花子さん,76,66,79,45,45,55,67,1,,0.0
832,andymori,16,73,66,73,55,39,66,72,1,,0.0
833,Galileo Galilei,ハマナスの花,70,62,73,61,25,66,67,1,,0.0
834,Base Ball Bear,changes,75,70,71,64,26,60,82,1,,0.0
835,フレデリック,オンリーワンダー,73,60,68,57,38,61,63,1,,0.0
836,KANA-BOON,シルエット,73,63,79,60,25,62,73,1,,0.0
837,SHISHAMO,君と夏フェス,67,67,73,52,39,65,63,1,,0.0
838,チャラン・ポ・ランタン,忘れかけてた物語,76,59,79,61,27,59,78,1,,0.0
839,Awesome City Club,アウトサイダー,87,69,86,52,38,67,74,1,,0.0
840,Cody・Lee(李),DANCE風呂a!,71,74,77,54,33,65,69,1,2022,1.0
841,マハラージャン,eden,71,67,72,49,27,57,72,1,2021,0.5
842,離婚伝説,本日のおすすめ,87,71,84,57,42,60,73,1,2024,1.5
843,Kroi,Juden,76,72,77,64,32,70,82,1,2024,1.5
844,WONK,Fleeting Fantasy,84,71,88,59,39,52,77,1,2023,1.0
845,imase,Nagisa,71,76,71,48,35,69,79,1,2023,1.0
846,TOMOO,Super Ball,70,58,79,50,45,66,67,1,2023,1.0
847,Hana Hope,We've Come So Far,82,56,80,51,25,60,75,1,2024,1.5
848,新しい学校のリーダーズ,青春を切り裂く波動,70,69,71,54,43,50,78,1,2023,1.0
849,サカナクション,ミュージック,82,75,85,54,32,65,66,1,,0.0
850,星野源,恋,68,68,73,46,32,59,82,1,,0.0
851,米津玄師,Lemon,76,62,77,55,45,54,75,1,,0.0
852,Official髭男dism,宿命,86,75,83,50,40,68,76,1,,0.0
853,King Gnu,Teenager Forever,83,59,83,48,44,61,64,1,2020,0.5
854,Vaundy,しわあわせ,84,72,87,57,34,53,62,1,2021,0.5
855,藤井風,きらり,66,58,69,63,31,50,79,1,2021,0.5
856,あいみょん,裸の心,86,68,80,52,25,58,62,1,2020,0.5
857,ヨルシカ,花に亡霊,73,71,74,51,33,59,65,1,2020,0.5
858,ずっと真夜中でいいのに。,あいつら全員同窓会,86,63,83,47,39,57,62,1,2021,0.5
859,YOASOBI,ハルジオン,69,62,68,52,45,61,69,1,2020,0.5
860,Aimer,残響散歌,85,60,85,64,34,56,77,1,2021,0.5
861,milet,Ordinary days,81,58,81,65,39,64,62,1,2021,0.5
862,緑黄色社会,花になって,81,74,86,59,43,62,63,1,2023,1.0
863,Saucy Dog,結,85,73,83,64,39,55,73,1,2020,0.5
864,マカロニえんぴつ,なんでもないよ、,87,63,87,50,41,68,79,1,2021,0.5
865,クリープハイプ,イト,87,67,84,48,25,57,66,1,,0.0
866,indigo la End,心雨,67,65,69,48,25,60,79,1,,0.0
867,ゲスの極み乙女,キラーボール,87,61,85,55,33,55,79,1,,0.0
868,Mrs. GREEN APPLE,ダンスホール,84,59,80,46,36,64,67,1,2022,1.0
869,RADWIMPS,君と羊と青,86,56,83,54,43,56,64,1,,0.0
870,back number,クリスマスソング,86,67,80,59,40,53,67,1,,0.0
871,The Cardigans,Lovefool,69,89,44,63,60,54,66,1,,0.0
872,Oasis,Whatever,68,84,49,71,64,60,63,1,,0.0
873,The Beach Boys,God Only Knows,65,70,41,73,50,54,60,1,,0.0
874,Prefab Sprout,When Love Breaks Down,69,71,52,59,59,60,70,1,,0.0
875,Everything But The Girl,Missing,73,73,44,62,57,66,56,1,,0.0
876,The Style Council,Shout to the Top!,72,86,42,74,66,63,53,1,,0.0
877,Fleetwood Mac,Dreams,66,78,54,55,59,69,65,1,,0.0
878,Tears for Fears,Everybody Wants to Rule the World,73,70,42,65,57,60,59,1,,0.0
879,The Sundays,Here's Where the Story Ends,75,77,36,68,65,54,59,1,,0.0
880,Belle and Sebastian,The Boy with the Arab Strap,73,89,37,69,59,73,54,1,,0.0
881,Kings of Convenience,Misread,69,83,45,59,52,55,59,1,,0.0
882,Phoenix,Lisztomania,69,90,46,69,66,72,69,1,,0.0
883,Vampire Weekend,A-Punk,79,85,50,70,65,62,70,1,,0.0
884,MGMT,Electric Feel,65,71,51,66,63,56,54,1,,0.0
885,Tame Impala,The Less I Know the Better,76,89,50,71,65,60,69,1,,0.0
886,The xx,Islands,71,77,55,69,51,68,63,1,,0.0
887,Beach House,Space Song,72,76,56,60,58,63,70,1,,0.0
888,Mac DeMarco,My Kind of Woman,68,78,44,68,57,60,67,1,,0.0
889,Men I Trust,Show Me How,73,90,42,69,47,63,65,1,,0.0
890,Clairo,Sofia,71,75,49,63,46,71,67,1,,0.0
891,Khruangbin,Friday Morning,70,83,36,66,58,57,51,1,,0.0
892,Norah Jones,Don't Know Why,67,84,56,61,57,55,56,1,,0.0
893,Simon & Garfunkel,The Only Living Boy in New York,73,77,39,56,57,71,51,1,,0.0
894,Nick Drake,Pink Moon,76,73,54,74,46,65,50,1,,0.0
895,The Beatles,Here Comes the Sun,71,71,52,67,63,63,56,1,,0.0
896,Enya,Orinoco Flow,68,74,43,67,62,68,50,1,,0.0
897,The Smiths,There Is a Light That Never Goes Out,73,74,44,61,61,74,56,1,,0.0
898,The Cure,Just Like Heaven,72,71,38,57,51,59,57,1,,0.0
899,New Order,Bizarre Love Triangle,72,89,55,65,59,66,63,1,,0.0
900,Talking Heads,This Must Be the Place (Naive Melody),69,88,39,62,65,67,70,1,,0.0
901,R.E.M.,Nightswimming,74,81,45,57,61,59,65,1,,0.0
902,The Stone Roses,Waterfall,71,71,43,59,52,65,54,1,,0.0
903,Blur,Coffee & TV,71,73,51,66,62,62,64,1,,0.0
904,Pulp,Common People,69,83,55,57,53,65,66,1,,0.0
905,Suede,Beautiful Ones,70,70,52,62,49,55,59,1,,0.0
906,Radiohead,Fake Plastic Trees,71,87,53,73,62,73,50,1,,0.0
907,Beck,Everybody's Got to Learn Sometime,72,72,39,56,57,68,62,1,,0.0
908,The Flaming Lips,Do You Realize??,73,77,46,73,49,72,62,1,,0.0
909,Wilco,"Jesus, Etc.",74,90,39,58,58,69,60,1,,0.0
910,Yo La Tengo,Autumn Sweater,68,82,48,70,52,60,51,1,,0.0
911,Pavement,Gold Soundz,76,90,55,56,62,72,58,1,,0.0
912,Dinosaur Jr.,Feel the Pain,67,75,43,58,58,69,69,1,,0.0
913,Sonic Youth,Sunday,73,78,50,68,48,67,58,1,,0.0
914,My Bloody Valentine,When You Sleep,75,76,49,67,57,62,58,1,,0.0
915,Slowdive,Alison,74,86,43,74,65,62,62,1,,0.0
916,Cocteau Twins,Heaven or Las Vegas,66,71,43,60,64,59,64,1,,0.0
917,The Jesus and Mary Chain,Just Like Honey,70,81,43,63,58,55,66,1,,0.0
918,Mazzy Star,Fade Into You,75,81,50,63,50,64,70,1,,0.0
919,Galaxie 500,Strange,75,81,47,70,58,54,59,1,,0.0
920,The Velvet Underground,Sunday Morning,68,86,52,62,48,70,60,1,,0.0
921,Lou Reed,Perfect Day,73,84,36,65,47,58,70,1,,0.0
922,David Bowie,Life on Mars?,73,78,36,71,51,64,57,1,,0.0
923,Prince,I Wanna Be Your Lover,74,74,56,74,65,61,55,1,,0.0
924,Steely Dan,Peg,70,86,50,55,50,57,68,1,,0.0
925,Donald Fagen,I.G.Y.,74,90,51,71,63,61,69,1,,0.0
926,Hall & Oates,I Can't Go for That (No Can Do),74,77,43,65,60,59,56,1,,0.0
927,Swing Out Sister,Breakout,70,87,53,66,59,71,50,1,,0.0
928,Sade,Smooth Operator,71,82,39,57,56,63,50,1,,0.0
929,Tracy Chapman,Fast Car,77,74,36,74,50,73,63,1,,0.0
930,Crowded House,Don't Dream It's Over,71,78,55,68,46,61,59,1,,0.0
931,The Cranberries,Dreams,74,71,52,70,53,68,62,1,,0.0
932,The La's,There She Goes,66,78,49,61,57,57,57,1,,0.0
933,The Lemonheads,Into Your Arms,68,89,46,56,51,54,52,1,,0.0
934,The Wannadies,You and Me Song,77,89,41,68,50,74,56,1,,0.0
935,The Divine Comedy,Something for the Weekend,76,84,39,65,54,61,57,1,,0.0
936,Camera Obscura,"Lloyd, I'm Ready to Be Heartbroken",72,74,52,63,62,74,63,1,,0.0
937,Alvvays,"Archie, Marry Me",79,87,49,71,52,74,52,1,,0.0
938,Real Estate,It's Real,68,72,52,55,59,62,57,1,,0.0
939,Wild Nothing,Chinatown,68,86,37,56,53,60,61,1,,0.0
940,Washed Out,Feel It All Around,73,88,53,61,56,66,69,1,,0.0
941,Toro y Moi,Ordinary Pleasure,70,81,37,54,61,61,66,1,,0.0
942,Metronomy,The Look,73,84,46,63,54,56,55,1,,0.0
943,Hot Chip,Over and Over,70,71,47,70,63,66,60,1,,0.0
944,The Cardigans,Carnival,72,75,38,73,46,58,52,1,,0.0
945,Oasis,Don't Look Back in Anger,76,89,40,71,53,73,64,1,,0.0
946,The Beach Boys,Kokomo,67,87,49,61,65,71,63,1,,0.0
947,Prefab Sprout,The King of Rock 'n' Roll,78,90,41,68,62,61,65,1,,0.0
948,Everything But The Girl,Each and Every One,77,85,43,69,47,57,56,1,,0.0
949,The Style Council,You're the Best Thing,67,84,39,56,56,69,58,1,,0.0
950,Fleetwood Mac,Everywhere,70,88,56,73,51,57,62,1,,0.0
951,Tears for Fears,Head Over Heels,73,70,43,71,66,69,65,1,,0.0
952,The Sundays,Summertime,66,74,55,67,52,64,61,1,,0.0
953,Belle and Sebastian,Another Sunny Day,74,78,43,55,61,69,64,1,,0.0
954,Kings of Convenience,I'd Rather Dance with You,67,81,40,55,63,66,51,1,,0.0
955,Phoenix,If I Ever Feel Better,68,82,40,61,56,62,65,1,,0.0
956,Vampire Weekend,Oxford Comma,75,85,51,71,50,61,64,1,,0.0
957,MGMT,Time to Pretend,71,87,54,69,66,56,51,1,,0.0
958,Tame Impala,Feels Like We Only Go Backwards,68,84,50,54,56,71,54,1,,0.0
959,The xx,Crystalised,72,82,44,66,54,63,50,1,,0.0
960,Beach House,Myth,71,75,56,61,48,62,61,1,,0.0
961,Mac DeMarco,Chamber of Reflection,68,83,37,74,66,55,64,1,,0.0
962,Men I Trust,Lauren,71,70,48,70,51,71,50,1,,0.0
963,Clairo,Bags,72,70,51,62,54,59,69,1,,0.0
964,Khruangbin,White Gloves,67,76,55,58,50,64,60,1,,0.0
965,Norah Jones,Sunrise,77,88,51,66,50,72,50,1,,0.0
966,Simon & Garfunkel,America,71,79,43,68,53,59,50,1,,0.0
967,Nick Drake,Northern Sky,75,76,52,66,65,70,50,1,,0.0
968,The Beatles,In My Life,70,78,54,57,59,67,53,1,,0.0
969,Enya,Caribbean Blue,71,73,51,55,59,61,66,1,,0.0
970,The Smiths,This Charming Man,74,88,39,69,57,59,64,1,,0.0
971,The Cure,Pictures of You,71,87,44,65,49,66,50,1,,0.0
972,New Order,Temptation,74,87,46,71,58,68,68,1,,0.0
973,Talking Heads,Once in a Lifetime,74,70,38,60,65,72,70,1,,0.0
974,R.E.M.,Losing My Religion,70,84,54,67,54,74,66,1,,0.0
975,The Stone Roses,I Wanna Be Adored,67,74,44,59,47,66,65,1,,0.0
976,Blur,The Universal,67,84,51,64,56,64,60,1,,0.0
977,Pulp,Something Changed,68,76,39,68,58,58,67,1,,0.0
978,Suede,Trash,72,70,38,60,48,74,67,1,,0.0
979,Radiohead,No Surprises,65,79,43,60,62,64,68,1,,0.0
980,Beck,The Golden Age,67,80,36,57,55,67,70,1,,0.0
981,The Flaming Lips,Race for the Prize,72,85,39,66,65,74,52,1,,0.0
982,Wilco,California Stars,76,85,46,62,56,58,69,1,,0.0
983,Yo La Tengo,Sugarcube,72,88,42,72,66,68,55,1,,0.0
984,Pavement,Cut Your Hair,66,81,37,59,65,71,61,1,,0.0
985,Dinosaur Jr.,Start Choppin,68,90,51,65,52,59,64,1,,0.0
986,Sonic Youth,Teen Age Riot,74,74,44,62,63,68,66,1,,0.0
987,My Bloody Valentine,Sometimes,73,78,42,60,53,65,62,1,,0.0
988,Slowdive,When the Sun Hits,75,80,49,68,52,72,54,1,,0.0
989,Cocteau Twins,Cherry-coloured Funk,68,80,50,56,64,69,60,1,,0.0
990,The Jesus and Mary Chain,Sometimes Always,71,84,41,63,56,74,54,1,,0.0
991,Mazzy Star,Blue Flower,75,85,47,71,59,69,62,1,,0.0
992,Galaxie 500,Tugboat,66,79,52,71,57,58,50,1,,0.0
993,The Velvet Underground,Pale Blue Eyes,74,78,56,72,65,67,66,1,,0.0
994,Lou Reed,Walk on the Wild Side,67,83,48,68,65,61,53,1,,0.0
995,David Bowie,Heroes,70,71,40,64,54,58,57,1,,0.0
996,Prince,Raspberry Beret,65,74,55,58,65,55,68,1,,0.0
997,Steely Dan,Deacon Blues,70,76,38,66,46,68,50,1,,0.0
998,Donald Fagen,The Nightfly,79,87,49,72,63,74,51,1,,0.0
999,Hall & Oates,You Make My Dreams,66,78,50,62,50,70,70,1,,0.0
1000,Swing Out Sister,Twilight World,72,70,44,68,48,59,69,1,,0.0
1001,"Earth, Wind & Fire",September,80,75,67,59,65,86,48,1,,0.0
1002,Jamiroquai,Virtual Insanity,81,74,83,70,52,77,71,1,,0.0
1003,The Beach Boys,Wouldn’t It Be Nice,79,77,49,75,63,77,47,1,,0.0
1004,ゆらゆら帝国,空洞です,82,71,61,78,52,72,41,1,,0.0
1005,Queen,Bohemian Rhapsody,79,84,59,63,42,81,46,1,,0.0
1006,NewJeans,Ditto,79,84,56,75,61,73,48,1,2022,1.0
1007,坂本龍一,Merry Christmas Mr. Lawrence,81,83,48,70,45,79,54,1,,0.0
1008,Marvin Gaye,What’s Going On,77,79,60,63,68,77,56,1,,0.0
1009,Michael Jackson,Rock with You,78,71,61,60,44,73,71,1,,0.0
1010,Oasis,Live Forever,78,73,76,73,54,78,75,1,,0.0
1011,Underworld,Born Slippy (Nuxx),78,83,72,78,62,84,62,1,,0.0
1012,Massive Attack,Teardrop,82,80,60,76,42,80,54,1,,0.0
1013,The Police,Every Breath You Take,79,88,66,62,68,82,43,1,,0.0
1014,Nirvana,Smells Like Teen Spirit,79,73,47,61,48,72,56,1,,0.0
1015,Thee Michelle Gun Elephant,世界の終わり,79,88,45,60,70,84,52,1,,0.0
1016,Billy Joel,Piano Man,77,89,48,57,54,74,60,1,,0.0
1017,"Grover Washington, Jr.",Just the Two of Us,77,74,45,65,39,84,62,1,,0.0
1018,Marvin Gaye,Ain’t No Mountain High Enough,79,73,49,77,49,82,71,1,,0.0
1019,Radiohead,High and Dry,80,69,75,72,47,74,46,1,,0.0
1020,The Doobie Brothers,What a Fool Believes,79,78,78,75,41,79,70,1,,0.0
1021,スチャダラパー,サマージャム’95,80,83,78,73,65,79,50,1,,0.0
1022,10cc,I’m Not In Love,79,70,78,68,46,70,47,1,,0.0
1023,Carpenters,(They Long To Be) Close To You,79,71,75,76,61,82,70,1,,0.0
1024,SUPER BUTTER DOG,サヨナラCOLOR,79,87,64,66,40,70,65,1,,0.0
1025,The Beatles,A Day In The Life,82,81,55,75,34,76,51,1,,0.0
1026,Björk,Hyper-ballad,78,76,83,71,37,78,61,1,,0.0
1027,boygenius,Not Strong Enough,79,86,69,62,33,73,65,1,2023,1.0
1028,Kendrick Lamar,Alright,81,88,67,59,57,82,63,1,,0.0
1029,m-flo,come again,79,75,75,60,66,72,47,1,,0.0
1030,Radiohead,Creep,79,89,47,75,70,70,69,1,,0.0
1031,宇多田ヒカル,One Last Kiss,79,89,66,65,37,69,55,1,2021,0.5
1032,神聖かまってちゃん,ロックンロールは鳴り止まないっ,79,87,74,67,40,71,48,1,,0.0
1033,Billy Joel,Just the Way You Are,80,71,78,78,47,74,46,1,,0.0
1034,Oasis,Champagne Supernova,76,70,48,71,45,73,52,1,,0.0
1035,Queen,Don’t Stop Me Now,79,79,49,70,45,72,60,1,,0.0
1036,レイ・ハラカミ,owari no kisetsu,80,71,69,64,58,81,56,1,,0.0
1037,電気グルーヴ,虹,79,75,46,56,57,78,70,1,,0.0
1038,Bob Dylan,Like a Rolling Stone,80,77,60,72,64,70,56,1,,0.0
1039,Eagles,Hotel California,81,85,54,72,39,75,60,1,,0.0
1040,METAFIVE,環境と心理,80,76,54,62,56,78,75,1,2020,0.5
1041,My Chemical Romance,Welcome to the Black Parade,75,70,47,62,47,79,55,1,,0.0
1042,Stevie Wonder,Sir Duke,86,70,80,59,60,68,49,1,,0.0
1043,Television,Marquee Moon,82,88,49,71,46,82,62,1,,0.0
1044,The Jackson 5,I Want You Back,79,73,71,61,66,78,44,1,,0.0
1045,YELLOW MAGIC ORCHESTRA,RYDEEN,78,79,47,67,55,71,63,1,,0.0
1046,星野源,不思議,81,83,71,59,44,78,57,1,2021,0.5
1047,Aphex Twin,Xtal,79,69,69,63,35,70,50,1,,0.0
1048,Ben E. King,Stand By Me,78,82,71,70,64,82,55,1,,0.0
1049,Cornelius,あなたがいるなら,79,68,60,57,45,72,44,1,,0.0
1050,King Crimson,21st Century Schizoid Man,76,70,60,56,69,72,51,1,,0.0
1051,my bloody valentine,only shallow,77,68,64,66,53,68,62,1,,0.0
1052,Pixies,Where Is My Mind?,77,74,60,60,40,79,45,1,,0.0
1053,Radiohead,Let Down,80,83,74,75,38,74,49,1,,0.0
1054,Radiohead,Paranoid Android,79,82,43,69,40,73,46,1,,0.0
1055,The Verve,Bitter Sweet Symphony,77,85,54,58,39,69,61,1,,0.0
1056,XTC,The Mayor of Simpleton,79,80,77,63,60,69,41,1,,0.0
1057,キリンジ,スウィートソウル,78,70,61,75,65,69,52,1,,0.0
1058,ランカ・リー=中島愛,星間飛行,80,80,57,72,46,76,70,1,,0.0
1059,岡村靖幸,あの娘ぼくがロングシュート決めたらどんな顔するだろう,78,79,71,65,36,70,65,1,,0.0
1060,電気グルーヴ,N.O.,82,78,80,55,58,73,42,1,,0.0
1061,Cyndi Lauper,Time After Time,76,83,76,63,70,79,74,1,,0.0
1062,Daft Punk,Digital Love,79,83,53,69,60,73,60,1,,0.0
1063,Janet Jackson,Got ‘Til It’s Gone,77,84,42,61,50,69,54,1,,0.0
1064,Kanye West,Runaway,78,74,67,58,37,79,63,1,,0.0
1065,Marvin Gaye,Mercy Mercy Me (The Ecology),78,74,62,72,42,73,71,1,,0.0
1066,Nujabes,Luv(sic.) pt3 (feat. Shing02),79,69,65,72,61,78,73,1,,0.0
1067,Queen,Under Pressure,81,78,72,60,33,81,60,1,,0.0
1068,Simon & Garfunkel,Bridge Over Troubled Water,78,72,79,66,65,75,61,1,,0.0
1069,Sting,Englishman In New York,80,78,57,71,41,75,69,1,,0.0
1070,The Avalanches,Since I Left You,79,72,69,62,58,79,44,1,,0.0
1071,toe,グッドバイ,79,74,54,76,40,68,40,1,,0.0
1072,坂本龍一,Thousand Knives,81,86,78,76,36,71,49,1,,0.0
1073,東京事変,透明人間,79,75,68,56,59,74,58,1,,0.0
1074,藤井風,帰ろう,74,80,44,56,70,77,45,1,2020,0.5
1075,ABBA,Dancing Queen,76,83,56,57,37,67,46,1,,0.0
1076,Alicia Keys,If I Ain’t Got You,80,70,64,75,61,80,63,1,,0.0
1077,Coldplay,Yellow,77,69,60,66,43,69,61,1,,0.0
1078,Daft Punk,Get Lucky (feat. Pharrell Williams and Nile Rodgers),76,74,73,73,53,80,67,1,,0.0
1079,Elton John,Your Song,76,74,58,55,67,74,68,1,,0.0
1080,Jeff Buckley,Hallelujah,77,77,76,55,59,70,63,1,,0.0
1081,MGMT,Kids,80,84,40,66,43,76,42,1,,0.0
1082,my bloody valentine,soon,74,73,62,62,48,72,56,1,,0.0
1083,Nujabes,Reflection Eternal,80,85,42,73,46,73,53,1,,0.0
1084,Parannoul,아름다운 세상 Beautiful World,78,72,52,76,44,67,71,1,2021,0.5
1085,Procol Harum,A Whiter Shade of Pale,77,68,44,63,57,73,58,1,,0.0
1086,Queen,Somebody to Love,77,81,53,71,60,77,54,1,,0.0
1087,Sly & The Family Stone,If You Want Me to Stay,77,69,50,59,57,68,47,1,,0.0
1088,The Beatles,"Here, There And Everywhere",76,67,53,70,50,80,72,1,,0.0
1089,The Beatles,Let It Be,79,85,68,65,44,69,74,1,,0.0
1090,The Beatles,Strawberry Fields Forever,80,83,79,73,58,72,40,1,,0.0
1091,The Cure,Boys Don’t Cry,79,85,66,73,71,73,71,1,,0.0
1092,The Cure,Friday I’m In Love,78,76,64,55,44,79,65,1,,0.0
1093,The Smashing Pumpkins,1979,77,77,74,56,42,69,68,1,,0.0
1094,The Smashing Pumpkins,"Tonight, Tonight",77,79,50,60,43,69,44,1,,0.0
1095,サニーデイ・サービス,春の風,76,68,68,62,51,79,70,1,,0.0
1096,スピッツ,夜を駆ける,78,81,65,66,38,73,74,1,,0.0
1097,大澤誉志幸,そして僕は途方に暮れる,75,73,68,59,40,77,49,1,,0.0
1098,a-ha,Take on Me,77,85,55,71,38,80,68,1,,0.0
1099,bôa,Duvet,79,84,66,57,60,78,54,1,,0.0
1100,Bon Jovi,Livin’ On A Prayer,75,74,57,66,59,73,76,1,,0.0
1101,Coldplay,Viva La Vida,74,65,54,65,55,67,51,1,,0.0
1102,Eric Clapton,Change the World,73,69,61,64,60,75,69,1,,0.0
1103,Hi-STANDARD,STAY GOLD,79,82,44,73,44,73,42,1,,0.0
1104,Jimi Hendrix,Little Wing,74,77,67,64,38,67,62,1,,0.0
1105,LCD Soundsystem,All My Friends,74,77,64,62,37,73,71,1,,0.0
1106,New Order,Ceremony,79,72,75,61,36,80,55,1,,0.0
1107,Pixies,Debaser,74,77,52,57,53,78,58,1,,0.0
1108,Portishead,Glory Box,76,79,71,67,52,65,63,1,,0.0
1109,Radiohead,Everything In Its Right Place,75,69,66,75,59,78,47,1,,0.0
1110,Red Hot Chili Peppers,Can’t Stop,74,65,57,62,65,75,52,1,,0.0
1111,Squarepusher,Iambic 9 Poetry,74,79,55,59,42,73,52,1,,0.0
1112,Stevie Wonder,Isn’t She Lovely,78,67,76,55,55,73,72,1,,0.0
1113,The Beatles,Blackbird,77,78,68,71,54,78,52,1,,0.0
1114,The Blue Nile,The Downtown Lights,74,81,55,60,57,69,71,1,,0.0
1115,The Ronettes,Be My Baby,75,80,61,60,54,77,65,1,,0.0
1116,The Smashing Pumpkins,Today,78,80,37,69,44,70,75,1,,0.0
1117,The Who,Baba O’Riley,74,79,49,71,62,70,54,1,,0.0
1118,Todd Rundgren,I Saw the Light,78,77,54,72,34,67,46,1,,0.0
1119,Trashcan Sinatras,Obscurity Knocks,76,67,70,71,48,72,75,1,,0.0
1120,YELLOW MAGIC ORCHESTRA,東風,74,74,62,59,65,66,60,1,,0.0
1121,くるり,ロックンロール,75,67,40,58,37,67,43,1,,0.0
1122,久保田早紀,異邦人,73,67,45,57,69,68,62,1,,0.0
1123,坂本真綾,プラチナ,75,68,65,64,44,78,75,1,,0.0
1124,村下孝蔵,初恋,77,75,54,62,45,70,45,1,,0.0
1125,藤井風,花,76,83,71,59,66,68,55,1,2023,1.0
1126,櫻坂46,二人セゾン,78,69,73,67,42,75,70,1,,0.0
1127,Al Kooper,Jolie,71,73,41,55,36,71,48,1,,0.0
1128,Big Thief,Simulation Swarm,76,76,38,66,63,68,73,1,2022,1.0
1129,Bill Evans,Waltz For Debby,74,77,67,53,69,72,53,1,,0.0
1130,Billy Joel,Honesty,72,75,54,57,46,68,76,1,,0.0
1131,Carole King,So Far Away,76,81,60,65,52,77,54,1,,0.0
1132,Daft Punk,One More Time,76,66,48,73,33,78,50,1,,0.0
1133,Derek & The Dominos,Layla,79,81,56,75,49,73,65,1,,0.0
1134,Diana Ross,I’m Coming Out,78,81,52,72,56,78,68,1,,0.0
1135,Flying Lotus,Never Catch Me (feat. Kendrick Lamar),71,68,54,57,46,67,44,1,,0.0
1136,Guns N’ Roses,Sweet Child O’ Mine,74,81,45,61,60,70,64,1,,0.0
1137,Joy Division,Love Will Tear Us Apart,76,80,47,64,40,66,46,1,,0.0
1138,Massive Attack,Protection,76,81,71,66,66,78,41,1,,0.0
1139,Rage Against the Machine,Killing In the Name,76,79,65,63,40,77,52,1,,0.0
1140,STUTS,夜を使いはたして feat. PUNPEE,74,66,47,62,39,74,66,1,,0.0
1141,The Beatles,Something,74,76,53,53,48,73,65,1,,0.0
1142,The Buggles,Video Killed The Radio Star,76,82,64,61,37,67,71,1,,0.0
1143,The Kinks,Waterloo Sunset,77,82,68,59,36,75,64,1,,0.0
1144,The Rolling Stones,Sympathy For The Devil,76,77,66,68,69,67,41,1,,0.0
1145,tofubeats,水星 (feat. オノマトペ大臣),77,68,70,58,37,74,61,1,,0.0
1146,TOMOO,Cinderella,73,75,67,68,56,75,45,1,2023,1.0
1147,U2,With Or Without You,72,75,41,57,50,77,52,1,,0.0
1148,Vaundy,踊り子,75,76,35,64,66,77,47,1,2021,0.5
1149,エレファントカシマシ,今宵の月のように,75,65,68,66,69,65,76,1,,0.0
1150,キリンジ,愛のCoda,72,71,44,61,45,73,48,1,,0.0
1151,くるり,ワンダーフォーゲル,78,82,72,53,34,75,53,1,,0.0
1152,くるり,琥珀色の街、上海蟹の朝,76,65,64,71,42,78,49,1,,0.0
1153,ゴダイゴ,銀河鉄道999,73,75,70,56,65,67,59,1,,0.0
1154,たま,さよなら人類,76,75,70,68,60,73,69,1,,0.0
1155,宇多田ヒカル,道,73,78,57,53,50,64,50,1,,0.0
1156,細野晴臣,スポーツマン,74,65,67,63,63,67,72,1,,0.0
1157,藤井風,旅路,75,64,52,63,53,69,69,1,2021,0.5
1158,布施明,君は薔薇より美しい,73,75,57,70,37,70,54,1,,0.0
1159,Al Green,Let’s Stay Together,73,70,39,62,46,73,59,1,,0.0
1160,American Football,Never Meant,71,70,44,59,45,75,74,1,,0.0
1161,Bee Gees,How Deep Is Your Love,75,69,72,53,40,78,63,1,,0.0
1162,Blur,Song 2,74,70,65,65,43,66,56,1,,0.0
1163,Dinosaur Jr.,The Wagon,72,73,49,59,38,73,45,1,,0.0
1164,Dr. Dre,Still D.R.E.,74,80,33,61,41,73,66,1,,0.0
1165,George Harrison,My Sweet Lord,75,68,68,54,58,65,60,1,,0.0
1166,Green Day,Basket Case,75,77,71,59,68,64,65,1,,0.0
1167,Kraftwerk,Computer Love,76,79,58,72,55,67,72,1,,0.0
1168,Led Zeppelin,Stairway to Heaven,73,66,55,63,53,71,52,1,,0.0
1169,Mitski,My Love Mine All Mine,73,70,49,62,47,73,71,1,2023,1.0
1170,Mondo Grosso,ラビリンス,75,77,49,73,47,70,58,1,,0.0
1171,New Order,Blue Monday,71,66,56,62,41,63,49,1,,0.0
1172,New Order,Regret,73,67,51,62,62,71,68,1,,0.0
1173,Official髭男dism,アポトーシス,74,74,69,59,35,66,44,1,2021,0.5
1174,Prince,Purple Rain,73,73,66,61,34,64,45,1,,0.0
1175,Ride,Dreams Burn Down,72,62,65,67,40,69,51,1,,0.0
1176,Tahiti 80,Heartbeat,74,79,36,68,63,66,41,1,,0.0
1177,The Band,The Weight,73,61,42,55,64,73,71,1,,0.0
1178,The Brand New Heavies,You Are The Universe,73,68,39,71,61,73,57,1,,0.0
1179,The Killers,Mr. Brightside,73,64,50,55,61,71,43,1,,0.0
1180,The Stone Roses,Elephant Stone,72,73,34,57,65,70,57,1,,0.0
1181,The Style Council,My Ever Changing Moods,73,63,31,65,49,68,70,1,,0.0
1182,Thee Michelle Gun Elephant,ダニー・ゴー,71,65,63,59,51,63,52,1,,0.0
1183,TOTO,Africa,73,63,61,61,42,72,60,1,,0.0
1184,Vulfpeck,Animal Spirits,75,71,51,72,49,66,60,1,,0.0
1185,YELLOW MAGIC ORCHESTRA,PERSPECTIVE,74,68,63,57,62,68,63,1,,0.0
1186,かせきさいだぁ,じゃっ夏なんで,75,76,56,71,57,67,41,1,,0.0
1187,キンモクセイ,二人のアカボシ,73,72,52,54,44,69,66,1,,0.0
1188,スピッツ,チェリー,73,70,66,66,56,72,61,1,,0.0
1189,ペトロールズ,雨,75,73,70,51,59,70,73,1,,0.0
1190,宇多田ヒカル,BADモード,73,67,49,56,36,73,60,1,2022,1.0
1191,宇多田ヒカル,Beautiful World,76,75,67,71,62,74,65,1,,0.0
1192,岡村靖幸,カルアミルク,75,69,66,68,40,66,55,1,,0.0
1193,銀杏BOYZ,駆け抜けて性春,73,78,52,60,48,71,68,1,,0.0
1194,坂本龍一,riot in Lagos,71,63,36,66,38,66,71,1,,0.0
1195,小沢健二,今夜はブギー・バック – nice vocal,74,73,68,66,44,68,41,1,,0.0
1196,松任谷由実,やさしさに包まれたなら,72,63,45,63,45,65,42,1,,0.0
1197,真心ブラザーズ,サマーヌード,73,77,46,69,34,70,46,1,,0.0
1198,中村佳穂,そのいのち,71,77,34,70,64,68,46,1,,0.0
1199,Acid Mothers Temple & The Melting Paraiso U.F.O.,Pink Lady Lemonade,72,70,65,62,62,63,59,1,,0.0
1200,尾崎紀世彦,また逢う日まで,72,61,56,70,61,62,48,1,,0.0
1201,Lady Gaga,Bad Romance,85,70,94,48,56,64,74,1,2009,0.0
1202,Lady Gaga,Poker Face,82,59,96,55,50,60,77,1,2008,0.0
1203,Rihanna,Umbrella,81,70,96,43,58,60,81,1,2007,0.0
1204,Rihanna,We Found Love,81,66,94,54,56,63,82,1,2011,0.0
1205,Beyoncé,Crazy in Love,83,65,95,57,56,67,83,1,2003,0.0
1206,Beyoncé,Single Ladies (Put a Ring on It),83,61,98,50,59,63,83,1,2008,0.0
1207,Bruno Mars,Just the Way You Are,82,70,89,49,65,65,73,1,2010,0.0
1208,Bruno Mars,24K Magic,80,67,90,52,55,58,74,1,2016,0.0
1209,The Weeknd,Blinding Lights,82,72,94,50,56,58,77,1,2019,0.0
1210,The Weeknd,Save Your Tears,77,62,92,45,50,58,74,1,2020,0.5
1211,Dua Lipa,Don't Start Now,79,72,91,43,65,67,76,1,2019,0.0
1212,Dua Lipa,Levitating,80,70,88,44,50,59,76,1,2020,0.5
1213,Ariana Grande,"thank u, next",79,63,91,46,55,66,72,1,2018,0.0
1214,Ariana Grande,Into You,79,73,90,51,65,66,76,1,2016,0.0
1215,Taylor Swift,Shake It Off,83,71,95,57,57,58,73,1,2014,0.0
1216,Taylor Swift,Cruel Summer,78,69,88,56,58,66,82,1,2019,0.0
1217,Katy Perry,Firework,82,68,97,45,61,65,72,1,2010,0.0
1218,Katy Perry,Teenage Dream,82,59,89,53,53,57,82,1,2010,0.0
1219,Ed Sheeran,Shape of You,80,67,98,55,62,68,83,1,2017,0.0
1220,Justin Bieber,Sorry,82,60,89,52,50,57,82,1,2015,0.0
1221,Billie Eilish,bad guy,82,73,91,49,54,58,77,1,2019,0.0
1222,Billie Eilish,BIRDS OF A FEATHER,77,65,91,57,64,66,84,1,2024,1.5
1223,Miley Cyrus,Flowers,80,65,92,43,57,57,77,1,2023,1.0
1224,Adele,Rolling in the Deep,80,71,98,50,54,65,72,1,2010,0.0
1225,Sia,Chandelier,81,63,96,56,54,60,72,1,2014,0.0
1226,Imagine Dragons,Believer,80,67,89,51,64,64,78,1,2017,0.0
1227,OneRepublic,Counting Stars,83,60,95,53,63,58,81,1,2013,0.0
1228,Maroon 5,Sugar,82,71,92,56,56,57,84,1,2014,0.0
1229,Harry Styles,As It Was,81,64,90,44,50,62,78,1,2022,1.0
1230,Olivia Rodrigo,good 4 u,78,62,92,57,55,59,81,1,2021,0.5
1231,Sabrina Carpenter,Espresso,78,67,88,54,54,64,77,1,2024,1.5
1232,Chappell Roan,"Good Luck, Babe!",75,59,82,49,51,63,81,1,2024,1.5
1233,Doja Cat,Say So,79,60,90,52,59,59,78,1,2019,0.0
1234,Post Malone,Circles,79,62,92,51,50,63,83,1,2019,0.0
1235,Lorde,Royals,78,63,88,54,51,66,78,1,2013,0.0
1236,Lizzo,About Damn Time,78,71,85,44,66,58,84,1,2022,1.0
1237,ROSÉ,APT. (with Bruno Mars),78,63,92,53,61,63,74,1,2024,1.5
1238,Gotye,Somebody That I Used to Know (feat. Kimbra),84,64,98,43,51,60,82,1,2011,0.0
1239,Carly Rae Jepsen,Call Me Maybe,82,60,94,57,64,62,77,1,2011,0.0
1240,Pharrell Williams,Happy,84,65,97,55,61,67,74,1,2013,0.0
1241,Avicii,Wake Me Up,83,62,96,61,67,58,84,1,2013,0.0
1242,Avicii,Levels,83,68,96,63,60,55,91,1,2011,0.0
1243,Calvin Harris,Summer,78,64,89,56,63,56,92,1,2014,0.0
1244,Calvin Harris,Feel So Close,78,67,92,55,60,60,82,1,2011,0.0
1245,David Guetta,Titanium (feat. Sia),80,66,95,56,70,63,93,1,2011,0.0
1246,David Guetta,Memories (feat. Kid Cudi),78,75,89,62,65,64,93,1,2010,0.0
1247,Swedish House Mafia,Don't You Worry Child,81,76,94,56,66,61,83,1,2012,0.0
1248,Swedish House Mafia,Save the World,77,74,92,49,67,57,81,1,2011,0.0
1249,Zedd,Clarity (feat. Foxes),81,69,95,50,70,56,90,1,2012,0.0
1250,Zedd,Stay (with Alessia Cara),77,66,90,56,58,56,82,1,2017,0.0
1251,Kygo,Firestone (feat. Conrad Sewell),80,73,91,56,56,62,86,1,2014,0.0
1252,Kygo,Stole the Show (feat. Parson James),80,72,89,59,60,59,93,1,2015,0.0
1253,Martin Garrix,Animals,79,76,96,61,57,59,91,1,2013,0.0
1254,The Chainsmokers,Closer (feat. Halsey),82,68,97,62,61,55,89,1,2016,0.0
1255,The Chainsmokers,Don't Let Me Down (feat. Daya),78,62,91,49,69,54,92,1,2016,0.0
1256,Major Lazer,Lean On (with DJ Snake feat. MØ),80,69,98,54,60,57,88,1,2015,0.0
1257,Clean Bandit,Rather Be (feat. Jess Glynne),81,68,96,56,71,62,87,1,2014,0.0
1258,Alan Walker,Faded,79,66,98,53,55,65,86,1,2015,0.0
1259,DJ Snake,Turn Down for What (with Lil Jon),81,64,88,49,62,60,84,1,2013,0.0
1260,DJ Snake,Let Me Love You (feat. Justin Bieber),80,67,92,62,66,58,88,1,2016,0.0
1261,Tiësto,The Business,76,64,90,61,66,57,87,1,2020,0.5
1262,Tiësto,Red Lights,79,66,86,55,69,54,82,1,2014,0.0
1263,Marshmello,Happier (with Bastille),81,64,89,57,67,58,86,1,2018,0.0
1264,Disclosure,Latch (feat. Sam Smith),78,71,92,63,66,61,89,1,2012,0.0
1265,Disclosure,White Noise (feat. AlunaGeorge),77,67,86,56,57,58,81,1,2013,0.0
1266,deadmau5,Strobe,79,75,84,53,61,56,92,1,2009,0.0
1267,Eric Prydz,Call on Me,81,72,94,53,64,64,85,1,2004,0.0
1268,Fatboy Slim,Praise You,78,72,89,57,55,59,84,1,1998,0.0
1269,LMFAO,Party Rock Anthem,81,63,97,63,62,60,90,1,2011,0.0
1270,Galantis,Runaway (U & I),80,72,92,59,58,61,86,1,2014,0.0
1271,BLACKPINK,DDU-DU DDU-DU,85,61,95,52,63,54,93,1,2018,0.0
1272,BLACKPINK,How You Like That,81,59,89,46,73,60,88,1,2020,0.5
1273,BTS,Dynamite,82,65,96,50,61,61,86,1,2020,0.5
1274,BTS,DNA,82,64,90,55,60,56,89,1,2017,0.0
1275,TWICE,TT,86,65,97,41,76,59,83,1,2016,0.0
1276,TWICE,FANCY,79,63,89,42,66,60,82,1,2019,0.0
1277,aespa,Next Level,81,71,89,46,68,63,93,1,2021,0.5
1278,aespa,Supernova,81,70,90,41,66,57,84,1,2024,1.5
1279,IVE,LOVE DIVE,80,60,88,48,65,59,94,1,2022,1.0
1280,IVE,I AM,81,71,89,47,76,58,87,1,2023,1.0
1281,LE SSERAFIM,ANTIFRAGILE,78,63,88,53,61,59,87,1,2022,1.0
1282,LE SSERAFIM,EASY,76,59,83,41,72,57,91,1,2024,1.5
1283,Stray Kids,God's Menu,77,70,92,51,64,61,82,1,2020,0.5
1284,Stray Kids,MANIAC,81,62,90,41,69,63,83,1,2022,1.0
1285,SEVENTEEN,VERY NICE,78,71,89,48,73,55,86,1,2016,0.0
1286,SEVENTEEN,Super,80,70,91,49,66,59,84,1,2023,1.0
1287,EXO,Growl,82,67,98,43,75,62,87,1,2013,0.0
1288,BIGBANG,FANTASTIC BABY,84,66,98,47,74,58,83,1,2012,0.0
1289,2NE1,I AM THE BEST,84,69,96,41,67,59,85,1,2011,0.0
1290,Girls' Generation,Gee,80,67,97,43,75,54,85,1,2009,0.0
1291,KARA,Mister,81,69,98,55,65,57,86,1,2009,0.0
1292,PSY,Gangnam Style,80,69,95,41,66,61,88,1,2012,0.0
1293,IU,Good Day,82,61,90,44,74,59,83,1,2010,0.0
1294,Red Velvet,Red Flavor,80,64,88,48,75,53,94,1,2017,0.0
1295,SHINee,Ring Ding Dong,81,65,91,51,66,58,89,1,2009,0.0
1296,Super Junior,"Sorry, Sorry",78,64,91,42,73,62,94,1,2009,0.0
1297,Wonder Girls,Nobody,78,57,90,49,60,58,82,1,2008,0.0
1298,NCT 127,Kick It,80,61,90,48,69,55,93,1,2020,0.5
1299,G-DRAGON,Crooked,80,57,92,41,63,59,94,1,2013,0.0
1300,TAEYANG,"EYES, NOSE, LIPS",79,69,91,43,63,60,92,1,2014,0.0
1301,爆風スランプ,旅人よ ～The Longest Journey～,76,82,72,80,55,68,72,1,1996,0.0
1302,爆風スランプ,さよなら文明,72,68,68,78,68,62,79,1,1992,0.0
1303,爆風スランプ,神話,70,78,62,77,65,61,80,1,1995,0.0
1304,爆風スランプ,よしおと爆風の、ええじゃないか盆踊り～武道館で編,66,67,48,88,80,52,92,1,2026,2.5
1305,鼓童,凰（おおとり）,80,80,40,94,81,55,90,1,2025,2.0
1306,鼓童,族,81,80,55,74,72,61,80,1,1989,0.0
1307,鼓童,彩,82,75,50,76,68,60,78,1,1990,0.0
1308,鼓童,屋台囃子,77,82,53,80,70,62,81,1,1989,0.0
1309,Red Hot Chili Peppers,Under the Bridge,81,84,85,50,49,60,76,1,,0.0
1310,Red Hot Chili Peppers,Californication,77,68,90,51,48,68,78,1,,0.0
1311,Red Hot Chili Peppers,Scar Tissue,74,71,81,63,62,65,77,1,,0.0
1312,U2,One,80,68,84,57,55,65,76,1,,0.0
1313,U2,Where the Streets Have No Name,75,66,71,62,59,62,78,1,,0.0
1314,U2,Beautiful Day,79,73,93,62,63,66,69,1,,0.0
1315,Nirvana,Come As You Are,79,74,84,58,56,70,76,1,,0.0
1316,Nirvana,Heart-Shaped Box,79,76,76,58,49,67,80,1,,0.0
1317,Nirvana,Lithium,77,67,89,63,61,65,74,1,,0.0
1318,Pearl Jam,Alive,79,68,90,48,61,68,75,1,,0.0
1319,Pearl Jam,Jeremy,73,76,73,51,56,55,75,1,,0.0
1320,Pearl Jam,Better Man,79,65,84,49,58,60,82,1,,0.0
1321,Foo Fighters,Everlong,77,70,91,62,62,69,80,1,,0.0
1322,Foo Fighters,Learn to Fly,74,74,79,61,49,66,78,1,,0.0
1323,Foo Fighters,Best of You,73,70,70,52,58,58,73,1,,0.0
1324,Green Day,Good Riddance (Time of Your Life),77,77,69,58,61,60,77,1,,0.0
1325,Green Day,American Idiot,80,65,84,52,47,65,68,1,,0.0
1326,Green Day,Boulevard of Broken Dreams,76,76,93,49,54,63,71,1,,0.0
1327,Weezer,Buddy Holly,78,82,90,59,53,68,78,1,,0.0
1328,Weezer,Say It Ain't So,80,69,86,57,53,59,75,1,,0.0
1329,Weezer,Island in the Sun,73,77,70,51,51,62,73,1,,0.0
1330,Beck,Loser,81,69,87,54,48,60,73,1,,0.0
1331,Beck,Where It's At,75,69,70,56,60,55,78,1,,0.0
1332,R.E.M.,Everybody Hurts,79,82,85,52,55,69,71,1,,0.0
1333,R.E.M.,Man on the Moon,76,84,88,61,53,65,79,1,,0.0
1334,R.E.M.,"What's the Frequency, Kenneth?",75,83,69,57,51,62,74,1,,0.0
1335,Coldplay,The Scientist,81,68,86,50,47,61,78,1,,0.0
1336,Coldplay,Clocks,77,75,89,48,48,68,70,1,,0.0
1337,Coldplay,Fix You,77,68,86,61,48,70,74,1,,0.0
1338,Coldplay,In My Place,79,75,76,61,50,58,74,1,,0.0
1339,Blur,Girls & Boys,76,79,89,62,49,68,70,1,,0.0
1340,Blur,Beetlebum,75,79,76,63,61,57,79,1,,0.0
1341,Pulp,Disco 2000,78,72,94,59,63,70,77,1,,0.0
1342,Suede,Animal Nitrate,75,65,72,49,57,61,73,1,,0.0
1343,The Verve,The Drugs Don't Work,77,80,89,52,48,62,72,1,,0.0
1344,The Cranberries,Linger,81,74,88,58,47,67,79,1,,0.0
1345,The Cranberries,Zombie,76,84,88,50,47,70,75,1,,0.0
1346,Garbage,Stupid Girl,79,68,86,64,53,59,72,1,,0.0
1347,Garbage,Only Happy When It Rains,78,80,70,57,61,61,80,1,,0.0
1348,No Doubt,Don't Speak,79,73,89,64,53,63,75,1,,0.0
1349,No Doubt,Just a Girl,78,82,85,51,60,67,82,1,,0.0
1350,Alanis Morissette,You Oughta Know,77,72,82,52,49,59,76,1,,0.0
1351,Alanis Morissette,Ironic,78,68,85,54,61,69,73,1,,0.0
1352,Manic Street Preachers,A Design for Life,74,71,83,52,47,64,81,1,,0.0
1353,Manic Street Preachers,If You Tolerate This Your Children Will Be Next,73,77,74,48,60,64,73,1,,0.0
1354,The Strokes,Last Nite,79,69,86,60,54,65,69,1,,0.0
1355,The Strokes,Someday,78,84,86,56,47,66,77,1,,0.0
1356,The Strokes,Reptilia,80,73,79,52,55,67,72,1,,0.0
1357,The White Stripes,Seven Nation Army,79,73,90,54,49,66,70,1,,0.0
1358,The White Stripes,Fell in Love with a Girl,77,77,75,62,54,56,74,1,,0.0
1359,Franz Ferdinand,Take Me Out,81,79,89,59,51,62,80,1,,0.0
1360,Franz Ferdinand,Do You Want To,73,80,71,63,48,62,78,1,,0.0
1361,Arctic Monkeys,I Bet You Look Good on the Dancefloor,76,72,78,51,63,62,78,1,,0.0
1362,Arctic Monkeys,Fluorescent Adolescent,75,76,77,49,47,61,82,1,,0.0
1363,Arctic Monkeys,Do I Wanna Know?,77,64,91,53,60,63,77,1,,0.0
1364,Linkin Park,In the End,79,82,90,58,54,64,79,1,,0.0
1365,Linkin Park,Numb,78,79,90,50,55,66,77,1,,0.0
1366,Linkin Park,Somewhere I Belong,78,73,84,64,57,61,76,1,,0.0
1367,Muse,Time Is Running Out,74,78,85,53,48,58,80,1,,0.0
1368,Muse,Starlight,80,66,86,59,61,64,75,1,,0.0
1369,Muse,Plug In Baby,77,73,70,56,62,64,82,1,,0.0
1370,The Killers,Somebody Told Me,77,81,90,51,56,70,71,1,,0.0
1371,The Killers,When You Were Young,74,74,80,57,58,60,78,1,,0.0
1372,Primal Scream,Loaded,74,71,69,63,53,55,74,1,,0.0
1373,Primal Scream,Movin' on Up,74,78,86,50,56,63,79,1,,0.0
1374,Primal Scream,Rocks,72,67,72,52,57,60,79,1,,0.0
1375,Soundgarden,Black Hole Sun,79,66,86,63,60,61,74,1,,0.0
1376,Alice in Chains,Would?,74,69,78,52,55,58,82,1,,0.0
1377,Rage Against the Machine,Bulls on Parade,79,65,92,56,53,68,80,1,,0.0
1378,The Offspring,The Kids Aren't Alright,78,83,70,64,60,55,78,1,,0.0
1379,Blink-182,All the Small Things,77,64,89,52,55,65,68,1,,0.0
1380,Blink-182,What's My Age Again?,75,70,77,61,52,64,76,1,,0.0
1381,Metallica,Enter Sandman,78,65,91,52,53,68,80,1,,0.0
1382,Metallica,Nothing Else Matters,81,75,93,49,55,61,75,1,,0.0
1383,Bon Jovi,It's My Life,79,79,84,51,59,67,68,1,,0.0
1384,Fishmans,LONG SEASON,75,92,55,74,72,62,76,1,,0.0
1385,Fishmans,頼りない天使,70,88,44,72,65,60,81,1,,0.0
1386,Fishmans,新しい人,68,84,40,70,68,58,84,1,,0.0
1387,Fishmans,Go Go Round This World!,71,86,48,73,66,60,82,1,,0.0
1388,Fishmans,すばらしくてNICE CHOICE,69,83,42,71,70,57,86,1,,0.0
1389,Fishmans,ひこうき,68,82,40,68,63,58,85,1,,0.0
1390,SUPER BUTTER DOG,コミュニケーション・ブレイクダンス,76,83,65,65,41,68,63,1,,0.0
1391,SUPER BUTTER DOG,FUNKYウーロン茶,75,83,64,63,39,67,64,1,,0.0
1392,SUPER BUTTER DOG,まわれダイヤル,74,82,63,63,39,67,65,1,,0.0
1393,SUPER BUTTER DOG,外出中,73,82,62,65,40,66,67,1,,0.0
1394,GOING STEADY,BABY BABY,78,91,68,71,48,77,67,1,,0.0
1395,GOING STEADY,銀河鉄道の夜,77,92,64,73,53,76,69,1,,0.0
1396,GOING STEADY,東京少年,72,85,52,68,53,69,71,1,,0.0
1397,GOING STEADY,もしも君が泣くならば,73,87,59,69,52,73,69,1,,0.0
1398,GOING STEADY,童貞ソー・ヤング,73,88,58,66,60,69,76,1,,0.0
1399,フジファブリック,桜の季節,77,87,63,71,44,75,58,1,,0.0
1400,フジファブリック,銀河,76,79,59,69,53,72,62,1,,0.0
1401,フジファブリック,虹,74,73,66,63,43,70,59,1,,0.0
1402,フジファブリック,花屋の娘,70,82,44,70,49,67,65,1,,0.0
1403,NUMBER GIRL,DESTRUCTION BABY,73,79,45,67,52,72,52,1,,0.0
1404,NUMBER GIRL,TATTOOあり,72,78,44,67,50,71,52,1,,0.0
1405,NUMBER GIRL,NUM-AMI-DABUTZ,71,78,43,66,50,71,54,1,,0.0
1406,SUPERCAR,PLANET,72,82,52,70,45,69,58,1,,0.0
1407,SUPERCAR,Sunday People,71,81,51,72,45,68,59,1,,0.0
1408,SUPERCAR,Drive,70,81,50,71,44,67,60,1,,0.0
1409,SUPERCAR,My Girl,69,80,49,71,44,67,60,1,,0.0
1410,eastern youth,砂塵の彼方へ,68,74,45,62,42,66,56,1,,0.0
1411,eastern youth,踵鳴る,67,74,44,62,43,65,56,1,,0.0
1412,eastern youth,静寂が燃える,67,73,43,63,41,64,56,1,,0.0
1413,bloodthirsty butchers,ファウスト,71,83,49,66,43,70,57,1,,0.0
1414,bloodthirsty butchers,襟がゆれてる。,70,83,48,66,44,69,58,1,,0.0
1415,HUSKING BEE,WALK,72,76,45,66,45,69,57,1,,0.0
1416,HUSKING BEE,8.6,72,75,44,65,46,67,58,1,,0.0
1417,HUSKING BEE,新利の風,71,75,43,65,45,67,59,1,,0.0
1418,HUSKING BEE,BY CHANCE,70,75,42,67,44,67,61,1,,0.0
1419,HUSKING BEE,欠けボタンの浜,70,75,41,66,44,66,61,1,,0.0
1420,Hi-STANDARD,MY FIRST KISS,76,79,49,70,44,71,44,1,,0.0
1421,Hi-STANDARD,BRAND NEW SUNSET,75,79,48,70,43,70,47,1,,0.0
1422,Hi-STANDARD,DEAR MY FRIEND,74,78,47,69,43,69,47,1,,0.0
1423,Hi-STANDARD,NEW LIFE,73,78,46,69,43,69,47,1,,0.0
1424,BRAHMAN,SEE OFF,74,80,52,63,45,71,60,1,,0.0
1425,BRAHMAN,DEEP,72,79,51,63,47,69,60,1,,0.0
1426,BRAHMAN,ARRIVAL TIME,72,79,50,64,47,69,63,1,,0.0
1427,BRAHMAN,ANSWER FOR...,71,79,49,63,47,69,64,1,,0.0
1428,BACK DROP BOMB,REMIND ME,72,75,42,64,55,65,68,1,,0.0
1429,BACK DROP BOMB,FLOW,72,75,41,65,55,65,69,1,,0.0
1430,BACK DROP BOMB,BLAZIN',71,74,40,65,57,64,70,1,,0.0
1431,BACK DROP BOMB,SIGH,70,73,39,63,57,63,73,1,,0.0
1432,SNAIL RAMP,MIND YOUR STEP!,72,73,57,65,50,67,63,1,,0.0
1433,SNAIL RAMP,B.M.W.,70,73,56,65,49,65,66,1,,0.0
1434,SNAIL RAMP,HOTARU NO HIKARI,70,72,55,63,48,65,66,1,,0.0
1435,PENPALS,Tell Me Why,70,72,44,63,44,65,61,1,,0.0
1436,PENPALS,Cars,70,71,43,63,43,65,60,1,,0.0
1437,PENPALS,Right Now,69,71,42,62,44,64,61,1,,0.0
1438,BEAT CRUSADERS,JAPANESE GIRL,72,82,47,63,47,72,57,1,,0.0
1439,BEAT CRUSADERS,LOVE DISCHORD,71,82,46,63,48,71,56,1,,0.0
1440,BLANKEY JET CITY,PUNKY BAD HIP,76,82,69,63,47,75,58,1,,0.0
1441,BLANKEY JET CITY,ガソリンの揺れかた,77,85,65,66,49,76,61,1,,0.0
1442,BLANKEY JET CITY,赤いタンバリン,78,81,76,62,45,77,55,1,,0.0
1443,BLANKEY JET CITY,ディズニーランドへ,74,81,66,64,48,73,60,1,,0.0
1444,BLANKEY JET CITY,SWEET DAYS,74,81,65,63,49,72,62,1,,0.0
1445,Thee Michelle Gun Elephant,バードメン,76,81,62,63,52,72,62,1,,0.0
1446,Thee Michelle Gun Elephant,G.W.D,78,82,70,60,53,74,63,1,,0.0
1447,Thee Michelle Gun Elephant,ゲット・アップ・ルーシー,71,74,55,58,56,69,54,1,,0.0
1448,Thee Michelle Gun Elephant,スモーキン・ビリー,70,73,54,59,57,69,55,1,,0.0
1449,Thee Michelle Gun Elephant,リリィ,70,74,53,60,56,68,58,1,,0.0
1450,ゆらゆら帝国,発光体,79,79,60,73,61,73,64,1,,0.0
1451,ゆらゆら帝国,夜行性の生き物3匹,74,77,48,70,67,67,72,1,,0.0
1452,ゆらゆら帝国,美しい,75,69,60,74,49,68,46,1,,0.0
1453,ゆらゆら帝国,昆虫ロック,74,69,59,73,51,68,48,1,,0.0
1454,ゆらゆら帝国,つぎの夜へ,74,69,58,72,51,67,48,1,,0.0
1455,羅針盤,永遠のうた,77,91,38,76,61,75,59,1,,0.0
1456,羅針盤,会えない人,74,85,34,73,64,69,63,1,,0.0
1457,羅針盤,カラーズ,74,85,33,75,66,69,64,1,,0.0
1458,羅針盤,ソングライン,73,85,32,75,65,69,66,1,,0.0
1459,羅針盤,光の手,72,85,31,74,66,68,68,1,,0.0
1460,Buffalo Daughter,New Rock,74,74,43,69,63,67,72,1,,0.0
1461,Buffalo Daughter,Great Five Lakes,72,73,42,69,64,67,73,1,,0.0
1462,Buffalo Daughter,Cyclic,72,73,41,69,63,66,74,1,,0.0
1463,Buffalo Daughter,Volcanic Girl,71,73,40,69,64,65,75,1,,0.0
1464,GREAT3,Little Jの嘆き,74,78,41,67,57,69,61,1,,0.0
1465,GREAT3,玉突き,72,77,40,65,56,67,62,1,,0.0
1466,GREAT3,Oh Baby Plus,72,77,39,65,57,67,65,1,,0.0
1467,GREAT3,Quincy,71,77,38,65,57,67,64,1,,0.0
1468,東京No.1 SOUL SET,黄昏'95〜太陽の季節,76,81,55,72,60,74,58,1,,0.0
1469,東京No.1 SOUL SET,JIVE MY REVOLVER,74,77,46,69,63,69,64,1,,0.0
1470,東京No.1 SOUL SET,Sunday,73,76,45,68,62,69,63,1,,0.0
1471,東京No.1 SOUL SET,隠せない明日を連れて,72,75,44,69,64,69,66,1,,0.0
1472,東京No.1 SOUL SET,Bow & Arrow,72,76,43,69,64,68,67,1,,0.0
1473,スチャダラパー,今夜はブギー・バック (smooth rap),78,80,76,68,62,75,53,1,,0.0
1474,スチャダラパー,GET UP AND DANCE,77,79,75,69,60,74,52,1,,0.0
1475,スチャダラパー,ゲームボーイズ,77,79,74,69,61,74,53,1,,0.0
1476,スチャダラパー,大人になっても,76,78,73,68,62,73,53,1,,0.0
1477,かせきさいだぁ,冬へと走りだそう,73,74,58,68,53,66,46,1,,0.0
1478,かせきさいだぁ,相合傘,72,74,57,68,55,65,45,1,,0.0
1479,かせきさいだぁ,午後のパノラマ,71,73,56,68,56,64,45,1,,0.0
1480,ZAZEN BOYS,KIMOCHI,74,77,47,66,64,69,67,1,,0.0
1481,ZAZEN BOYS,HIMITSU GIRL'S TOP SECRET,74,77,46,66,65,67,70,1,,0.0
1482,ZAZEN BOYS,半透明少女関係,73,76,45,65,64,67,70,1,,0.0
1483,ZAZEN BOYS,COLD BEAT,72,75,44,66,63,67,72,1,,0.0
1484,ZAZEN BOYS,Weekend,72,76,43,65,63,66,73,1,,0.0
1485,clammbon,はなれ ばなれ,71,78,44,65,52,63,63,1,,0.0
1486,clammbon,パンと蜜をめしあがれ,70,78,43,65,52,62,63,1,,0.0
1487,clammbon,シカゴ,70,77,42,67,50,62,64,1,,0.0
1488,キセル,ベガ,72,80,37,70,54,62,62,1,,0.0
1489,キセル,砂漠に咲いた花,71,79,36,72,54,61,64,1,,0.0
1490,サンボマスター,月に咲く花のようになるの,71,81,50,66,48,70,56,1,,0.0
1491,サンボマスター,そのぬくもりに用がある,70,80,49,66,51,69,58,1,,0.0
1492,Melt-Banana,"Shield for Your Eyes, A Beast in the Well on Your Hand",72,70,36,53,79,57,87,1,,0.0
1493,Melt-Banana,Candy Gun,72,69,35,53,80,57,86,1,,0.0
1494,Melt-Banana,Scratch or Stitch,71,69,34,53,80,56,87,1,,0.0
1495,OOIOO,UMA,72,71,33,59,77,59,83,1,,0.0
1496,OOIOO,Grow Sound Tree,70,71,32,59,79,57,85,1,,0.0
1497,OOIOO,Be Sure to Loop,70,70,31,61,78,57,84,1,,0.0
1498,MUTE BEAT,Still Echo,76,77,41,79,63,73,55,1,,0.0
1499,MUTE BEAT,Dub No.5,74,75,37,77,66,69,59,1,,0.0
1500,MUTE BEAT,Sunny Side Walk,73,75,36,77,66,69,61,1,,0.0
1501,MUTE BEAT,After the Rain,72,75,35,78,67,69,60,1,,0.0
1502,MUTE BEAT,Organ's Melody,72,75,34,78,66,68,61,1,,0.0
1503,じゃがたら,裸の王様,76,82,52,72,68,70,70,1,,0.0
1504,じゃがたら,でも・デモ・DEMO,74,79,44,73,72,67,72,1,,0.0
1505,じゃがたら,都市生活者の夜,74,79,43,71,73,66,75,1,,0.0
1506,じゃがたら,みちくさ,73,79,42,73,73,65,75,1,,0.0
1507,じゃがたら,タンゴ,72,79,41,72,73,65,76,1,,0.0
1508,RCサクセション,多摩蘭坂,77,89,76,69,41,78,52,1,,0.0
1509,RCサクセション,君が僕を知ってる,73,77,51,72,50,73,50,1,,0.0
1510,たま,オゾンのダンス,73,73,70,66,58,71,67,1,,0.0
1511,たま,夕暮れ時のさびしさに,72,73,69,67,59,70,69,1,,0.0
1512,たま,満月小唄,72,72,68,67,59,69,69,1,,0.0
1513,たま,学校にまにあわない,71,72,67,66,57,69,71,1,,0.0
1514,戸川純,玉姫様,76,79,62,60,77,69,72,1,,0.0
1515,戸川純,レーダーマン,74,79,58,60,81,65,73,1,,0.0
1516,戸川純,蛹化の女,74,78,57,61,81,65,74,1,,0.0
1517,戸川純,好き好き大好き,73,77,56,62,80,65,76,1,,0.0
1518,戸川純,諦念プシガンガ,72,78,55,61,79,64,77,1,,0.0
1519,P-MODEL,美術館で会った人だろ,74,72,55,63,74,65,71,1,,0.0
1520,P-MODEL,ダイジョブ,72,71,54,62,75,65,73,1,,0.0
1521,P-MODEL,HEAVEN,72,71,53,62,76,64,72,1,,0.0
1522,P-MODEL,2D OR NOT 2D,71,71,52,61,76,63,73,1,,0.0
1523,ヒカシュー,20世紀の終りに,72,68,45,61,78,61,76,1,,0.0
1524,ヒカシュー,パイク,70,67,44,59,78,59,79,1,,0.0
1525,ヒカシュー,プヨプヨ,70,67,43,60,77,59,79,1,,0.0
1526,ヒカシュー,びろびろ,69,67,42,60,79,59,79,1,,0.0
1527,ムーンライダーズ,スカンピン,74,77,56,69,63,71,61,1,,0.0
1528,ムーンライダーズ,青空のマリー,74,77,55,69,63,69,61,1,,0.0
1529,ムーンライダーズ,9月の海はクラゲの海,73,76,54,68,65,69,62,1,,0.0
1530,ムーンライダーズ,くれない埠頭,72,75,53,68,63,69,63,1,,0.0
1531,はっぴいえんど,春よ来い,69,75,54,70,49,73,49,1,,0.0
1532,はっぴいえんど,抱きしめたい,68,74,53,68,48,72,52,1,,0.0
1533,大瀧詠一,指切り,78,79,86,67,39,79,46,1,,0.0
1534,大瀧詠一,恋するカレン,76,79,85,68,39,77,47,1,,0.0
1535,大瀧詠一,雨のウェンズデイ,76,78,84,67,39,77,48,1,,0.0
1536,大貫妙子,黒のクレール,72,80,53,67,49,71,45,1,,0.0
1537,大貫妙子,色彩都市,71,79,52,68,49,70,46,1,,0.0
1538,高田渡,自衛隊に入ろう,70,76,60,70,52,66,53,1,,0.0
1539,高田渡,系図,69,76,59,70,52,65,54,1,,0.0
1540,高田渡,アイスクリーム,68,75,58,70,52,64,54,1,,0.0
1541,Cocco,カウントダウン,75,91,82,66,47,77,70,1,,0.0
1542,COALTAR OF THE DEEPERS,My Speedy Sarah,74,92,92,65,41,81,60,1,,0.0
1543,PEALOUT,爆裂世界 ～世界に追い越されても～,77,91,82,68,44,78,63,1,,0.0
1544,Cocco,樹海の糸,73,87,81,65,43,75,69,1,,0.0
1545,Susumu Yokota,Saku,74,88,80,65,45,74,68,1,,0.0
1546,JUDY AND MARY,DAYDREAM,76,77,78,60,38,71,64,1,,0.0
1547,JUDY AND MARY,小さな頃から,76,68,84,57,35,68,67,1,,0.0
1548,the brilliant green,そのスピードで,78,81,82,64,38,75,58,1,,0.0
1549,the brilliant green,Hello Another Way -それぞれの場所-,77,66,79,60,42,71,62,1,,0.0
1550,PUFFY,サーキットの娘,76,72,82,58,40,70,59,1,,0.0
1551,My Little Lover,ALICE,73,76,50,63,42,71,56,1,,0.0
1552,BONNIE PINK,Heaven's Kitchen,76,80,72,67,42,75,54,1,,0.0
1553,BONNIE PINK,Forget Me Not,74,79,68,63,41,71,57,1,,0.0
1554,BONNIE PINK,It's gonna rain!,73,78,67,65,39,71,56,1,,0.0
1555,BONNIE PINK,A Perfect Sky,72,77,66,63,40,71,59,1,,0.0
1556,スピッツ,魔女旅に出る,74,83,60,67,47,73,56,1,,0.0
1557,スピッツ,夏の魔物,75,69,77,59,40,69,62,1,,0.0
1558,スピッツ,惑星のかけら,75,69,76,59,41,68,64,1,,0.0
1559,Mr.Children,Replay,71,76,75,61,40,76,64,1,,0.0
1560,Mr.Children,innocent world,78,79,96,56,28,79,49,1,,0.0
1561,Mr.Children,【es】〜Theme of es〜,70,75,73,62,39,74,63,1,,0.0
1562,Pavement,Summer Babe (Winter Version),74,83,50,60,62,69,61,1,,0.0
1563,Pavement,Range Life,68,81,49,56,59,68,60,1,,0.0
1564,Pavement,Shady Lane,68,81,48,57,60,68,61,1,,0.0
1565,Yo La Tengo,Tom Courtenay,69,81,50,67,55,63,53,1,,0.0
1566,Yo La Tengo,Stockholm Syndrome,68,81,49,66,56,62,55,1,,0.0
1567,Yo La Tengo,Our Way to Fall,67,80,48,66,57,62,54,1,,0.0
1568,My Bloody Valentine,To Here Knows When,72,72,57,61,50,66,60,1,,0.0
1569,My Bloody Valentine,You Made Me Realise,74,79,61,61,64,68,70,1,,0.0
1570,Stereolab,French Disko,77,78,65,65,60,76,56,1,,0.0
1571,Stereolab,Ping Pong,76,77,59,63,62,73,60,1,,0.0
1572,Stereolab,Cybele's Reverie,75,77,58,64,60,72,61,1,,0.0
1573,Belle and Sebastian,The State I Am In,74,87,50,63,56,73,57,1,,0.0
1574,Belle and Sebastian,Like Dylan in the Movies,70,80,45,60,56,68,58,1,,0.0
1575,Belle and Sebastian,Lazy Line Painter Jane,70,79,44,61,58,67,60,1,,0.0
1576,The Smiths,Heaven Knows I'm Miserable Now,71,78,47,61,55,65,59,1,,0.0
1577,The Smiths,Bigmouth Strikes Again,76,79,79,58,48,76,56,1,,0.0
1578,Pixies,Here Comes Your Man,76,75,81,58,41,76,55,1,,0.0
1579,Pixies,Gigantic,72,73,57,57,46,74,52,1,,0.0
1580,Sonic Youth,Kool Thing,75,75,66,60,59,72,65,1,,0.0
1581,Sonic Youth,Sugar Kane,70,74,50,63,53,65,61,1,,0.0
1582,Galaxie 500,Blue Thunder,72,87,43,70,56,67,55,1,,0.0
1583,Galaxie 500,Fourth of July,68,77,52,67,55,56,57,1,,0.0
1584,Elliott Smith,Between the Bars,78,93,75,63,50,79,51,1,,0.0
1585,Elliott Smith,Waltz #2 (XO),76,89,62,61,55,75,56,1,,0.0
1586,Teenage Fanclub,Everything Flows,77,85,62,65,52,77,55,1,,0.0
1587,Teenage Fanclub,The Concept,76,81,59,63,52,75,54,1,,0.0
1588,Portishead,Sour Times,77,83,82,65,49,76,57,1,,0.0
1589,Massive Attack,Unfinished Sympathy,77,87,88,67,42,81,50,1,,0.0
1590,奥山熊雄,色のついたシャバタキ・すがる,79,90,28,100,78,66,84,1,,0.0
1591,稲田カエ,八丈太鼓囃し,78,88,26,100,80,64,86,1,,0.0
1592,浅沼亨年,八丈太鼓,77,86,27,100,82,65,88,1,,0.0
1593,天田トメノ,ショメ節,77,91,25,100,76,68,80,1,,0.0
1594,團伊玖磨,オリンピック序曲,76,82,69,88,60,72,64,1,,0.0
1595,岡本ノブ,春山節,75,89,24,100,74,67,78,1,,0.0
1596,奥山ハツ,太鼓節,76,90,25,100,79,66,83,1,,0.0
1597,天野花,透明なブルー,79,91,34,96,55,76,62,1,,0.0
1598,天野花,暁を泳いで,78,89,32,93,58,74,64,1,,0.0
1599,いまみれん,休もう！,80,80,39,92,58,78,68,1,,0.0
1600,いまみれん,群青,81,88,36,96,54,76,64,1,,0.0
1601,福島弘和,吹奏楽のための「おじゃれ」,78,86,48,100,72,70,77,1,,0.0
1602,Boredoms,SUPER ARE,76,82,42,72,76,69,72,1,,0.0
1603,ROVO,SINO DUB,75,86,29,77,82,68,80,1,,0.0
1604,DATE COURSE PENTAGON ROYAL GARDEN,構造 I - 現代呪術の構造,74,83,24,71,86,64,84,1,,0.0
1605,ASA-CHANG&巡礼,花,75,90,34,75,84,72,78,1,,0.0
1606,audio active,Mammoth Galactica,73,78,24,71,81,65,82,1,,0.0
1607,OOIOO,Right Hand Ponk,74,81,27,72,86,63,83,1,,0.0
1608,rei harakami,joy,77,89,39,74,69,76,60,1,,0.0
1609,Ken Ishii,Extra,73,78,31,68,88,62,88,1,,0.0
1610,Small Circle of Friends,波よせて,76,88,42,73,61,77,59,1,,0.0
1611,SKETCH SHOW,chronograph,75,80,36,70,75,68,67,1,,0.0
1612,SPIRAL LIFE,GAME OVER,75,83,38,69,64,73,66,1,,0.0
1613,WINO,Devil's own,73,82,30,67,68,69,71,1,,0.0
1614,ZEPPET STORE,ROSE,74,85,32,68,63,72,69,1,,0.0
1615,DRY&HEAVY,New Creation,75,82,31,76,76,72,71,1,,0.0
1616,LITTLE TEMPO,外道の森,74,84,28,76,80,69,73,1,,0.0
1617,sugar plant,rise,74,87,28,70,72,74,64,1,,0.0
1618,DJ KRUSH,Kemuri,76,83,42,73,73,74,75,1,,0.0
1619,Qomolangma Tomato,through your reality,73,86,26,68,72,71,77,1,,0.0
1620,SPARTA LOCALS,トーキョウバレリーナ,74,83,30,70,70,72,75,1,,0.0
1621,MO'SOME TONEBENDER,Trigger Happ (In the Evening),75,80,34,68,71,73,76,1,,0.0
1622,downy,左の種,74,88,29,71,78,70,73,1,,0.0
1623,United Future Organization,I LOVE MY BABY MY BABY LOVES JAZZ,75,79,39,69,74,72,66,1,,0.0
1624,Love Tambourines,Midnight Parade,74,86,31,71,66,75,63,1,,0.0
1625,NATSUMEN,Cicada Sing The Galaxy,74,84,26,72,82,67,81,1,,0.0
1626,イルリメ,元気でやってるのかい？,75,90,32,74,75,76,67,1,,0.0
1627,渋さ知らズ,本多工務店のテーマ,74,83,24,68,88,66,84,1,,0.0
1628,Ground-Zero,Consume Red,75,81,25,75,86,69,81,1,,0.0
1629,Boris,Farewell,75,88,21,71,84,67,83,1,,0.0
1630,Tenniscoats,Baibaba Bimba,73,82,28,70,87,65,80,1,,0.0
1631,ECD,DIRECT DRIVE,75,87,41,71,73,74,78,1,,0.0
1632,YOU THE ROCK★,HOO! EI! HO! '98,75,86,35,75,80,72,77,1,,0.0
1633,キエるマキュウ,ナゼナラ,76,90,42,74,79,70,71,1,,0.0
1634,THA BLUE HERB,未来は俺等の手の中,74,89,41,73,73,73,78,1,,0.0
1635,MIC JACK PRODUCTION,Seven Seas Voyage,74,88,35,77,80,71,77,1,,0.0
1636,降神,帰り道,75,84,42,76,79,69,71,1,,0.0
1637,環ROY,Break Boy in the Dream,76,83,41,75,73,72,78,1,,0.0
1638,KASHIWA Daisuke,Stella,76,89,33,71,73,70,65,1,,0.0
1639,Ametsub,The Nothings of The North,74,85,40,70,70,68,72,1,,0.0
1640,AOKI takamasa,Mirabeau,75,84,39,77,77,71,64,1,,0.0
1641,Kyoto Jazz Massive,Eclipse,75,83,33,73,84,69,76,1,,0.0
1642,Jazztronik,Samurai,76,87,40,72,81,76,68,1,,0.0
1643,SUGIURUMN,MUSIC IS THE KEY OF LIFE,74,86,39,71,73,70,75,1,,0.0
1644,CAPTAIN FUNK,Bustin' Loose,74,85,33,75,80,68,72,1,,0.0
1645,CO-FUSION,Material to Digital,75,89,40,74,77,75,64,1,,0.0
1646,Serani Poji,スマイリーを探して,75,84,36,69,88,69,73,1,,0.0
1647,YMCK,Magical 8bit Tour,75,84,29,74,80,76,70,1,,0.0
1648,Plus-Tech Squeeze Box,Early Riser,73,82,36,74,77,74,77,1,,0.0
1649,Gutevolk,Picnic,74,82,34,74,84,68,69,1,,0.0
1650,Cokiyu,Mirror Flake,74,82,27,72,76,75,66,1,,0.0
1651,Oorutaichi,Hamihadarigeri,75,87,34,72,88,73,73,1,,0.0
1652,Kiiiiiii,4 Little Joeys,73,87,32,72,80,76,80,1,,0.0
1653,ミドリ,ゆきこさん,74,83,31,70,82,73,81,1,,0.0
1654,385,脳みそあらおう,73,87,38,69,77,71,73,1,,0.0
1655,モーモールルギャバン,サイケな恋人,76,86,34,68,84,74,80,1,,0.0
1656,Limited Express (has gone?),No more no fiction,76,85,25,72,74,72,77,1,,0.0
1657,Afrirampo,I Did Are,75,89,32,71,69,70,84,1,,0.0
1658,Envy,A Warm Room,74,88,28,70,76,73,76,1,,0.0
1659,fOUL,枯槁,74,87,35,74,83,71,73,1,,0.0
1660,COWPERS,Curve,73,83,26,73,78,69,80,1,,0.0
1661,bluebeard,Room 501,76,82,38,72,68,72,72,1,,0.0
1662,TEENGENERATE,My GTO,76,89,29,68,75,70,84,1,,0.0
1663,MAD3,Jack the Violence,75,85,36,67,70,68,76,1,,0.0
1664,The 5.6.7.8's,Woo Hoo,74,84,32,74,77,71,83,1,,0.0
1665,Guitar Wolf,Jet Generation,74,83,39,70,84,69,80,1,,0.0
1666,Supersnazz,I Wanna Be Your Love,73,87,30,69,79,67,72,1,,0.0
1667,KING BROTHERS,ルル,76,86,26,68,69,70,79,1,,0.0
1668,割礼,世界の中,76,85,33,72,76,68,76,1,,0.0
1669,Nav Katze,Frozen Flower,75,84,36,75,77,76,81,1,,0.0
1670,Paint in Watercolour,Velocity,73,84,35,75,84,70,73,1,,0.0
1671,Cruyff in the Bedroom,Cherry,73,84,29,73,76,68,70,1,,0.0
1672,Hartfield,Today Forever,74,89,36,73,73,75,77,1,,0.0
1673,My Dead Girlfriend,Hades (The Nine Stages of Change at the Deceased Remains),75,89,35,73,80,69,69,1,,0.0
1674,Pasteboard,Flipper,75,89,29,71,72,76,81,1,,0.0
1675,sgt.,Perception of Causality,73,87,36,71,84,74,73,1,,0.0
1676,World's End Girlfriend,Les Enfants du Paradis,74,87,35,71,76,68,80,1,,0.0
1677,te',言葉を用いて奏でる者は才能に在らず、ただの記憶に『過』ぎぬ。,74,87,29,69,83,75,77,1,,0.0
1678,LITE,Ef,75,85,36,69,80,73,69,1,,0.0
1679,mouse on the keys,Spectres de Mouse,73,85,35,69,72,76,76,1,,0.0
1680,nhhmbase,9/8,73,85,29,74,79,74,73,1,,0.0
1681,MASS OF THE FERMENTING DREGS,ひきずるビート,74,90,36,74,76,72,80,1,,0.0
1682,凛として時雨,鮮やかな殺人,73,80,21,72,91,62,92,1,,0.0
1683,DMBQ,Dynamite,73,87,28,66,83,69,91,1,,0.0
1684,eX-Girl,Pop Muzik,72,81,20,73,80,65,85,1,,0.0
1685,BOaT,ALL,75,79,32,71,87,66,92,1,,0.0
1686,有頂天,BYE-BYE,75,86,24,74,94,62,91,1,,0.0
1687,Friction,Crazy Dream,74,80,31,72,91,69,85,1,,0.0
1688,EP-4,Lingua Franca-1,73,87,28,70,83,70,92,1,,0.0
1689,INU,メシ喰うな！,73,85,20,73,90,66,91,1,,0.0
1690,あぶらだこ,冬枯れ花火,72,79,27,71,87,62,85,1,,0.0
1691,非常階段,Modern,75,86,24,69,94,63,92,1,,0.0
1692,Merzbow,Woodpecker No.1,75,84,31,72,86,70,91,1,,0.0
1693,ソウル・フラワー・ユニオン,満月の夕,74,90,33,77,63,70,65,1,,0.0
1694,ソウル・フラワー・モノノケ・サミット,アリラン,75,90,30,76,70,73,72,1,,0.0
1695,BO GUMBOS,泥んこ道を二人,75,90,37,80,62,71,71,1,,0.0
1696,カーネーション,Edo River,76,88,29,79,74,78,65,1,,0.0
1697,青山陽一,Better Days,74,88,41,78,66,72,72,1,,0.0
1698,二階堂和美,ショッピンブル,74,88,33,74,73,70,71,1,,0.0
1699,湯川潮音,緑のアーチ,75,86,40,73,70,77,65,1,,0.0
1700,朝日美穂,ETERNAL FLOWER,76,86,37,80,62,71,72,1,,0.0
1701,GELLERS,Guatemala,76,86,29,76,69,78,71,1,,0.0
1702,Maher Shalal Hash Baz,Unknown Happiness,74,91,36,75,66,76,65,1,,0.0
1703,Tipographica,God Says I Can't Dance,74,86,31,71,84,70,90,1,,0.0
1704,Bondage Fruit,Odd-Job,74,85,25,75,91,67,89,1,,0.0
1705,大友良英 NEW JAZZ ENSEMBLE,Eureka,75,89,32,74,92,64,83,1,,0.0
1706,菊地成孔とペペ・トルメント・アスカラール,京マチ子の夜,73,88,31,73,88,66,90,1,,0.0
1707,Naruyoshi Kikuchi Dub Sextet,Dub Liz,73,87,25,77,84,63,89,1,,0.0
1708,Korekyojinn,Arabesque,74,83,32,76,85,70,83,1,,0.0
1709,Satanicpornocultshop,Anorexia Gas Balloon,75,82,31,75,92,72,90,1,,0.0
1710,MOTOCOMPO,Lemonade,76,89,36,70,77,75,73,1,,0.0
1711,Sonic Coaster Pop,Super Speed Pop Star,74,85,43,69,72,73,67,1,,0.0
1712,Macdonald Duck Eclair,short short,75,84,41,76,62,76,74,1,,0.0
1713,PINE*am,Gymnopedie 0.1,75,83,34,72,69,74,73,1,,0.0
1714,CITROBAL,My Cherry,76,87,41,71,64,72,67,1,,0.0
1715,Oh! Penelope,ライフイズサニー,74,86,39,70,71,75,74,1,,0.0
1716,COSA NOSTRA,Jolie,74,85,32,74,78,73,73,1,,0.0
1717,Chari Chari,Across the Universe,75,89,39,73,73,71,67,1,,0.0
1718,Calm,Light Years,76,88,37,72,63,74,74,1,,0.0
1719,Kaoru Inoue,The Invisible Eclipse,76,87,44,76,70,72,73,1,,0.0
1720,Monday Michiru,You Make Me,74,83,37,75,65,70,67,1,,0.0
1721,Towa Tei,Technova,75,82,35,74,72,73,74,1,,0.0
1722,砂原良徳,LOVEBEAT,75,89,42,70,62,71,73,1,,0.0
1723,竹村延和,こどもと魔法,76,85,35,69,74,78,67,1,,0.0
1724,Fantastic Plastic Machine,Bachelor Pad,74,84,33,76,64,72,74,1,,0.0
1725,CIBO MATTO,Sugar Water,74,83,40,72,71,70,73,1,,0.0
1726,想い出波止場,アストロ・ヴォルカノ・ブレイク・ダウン,75,87,33,71,66,77,67,1,,0.0
1727,いまみれん,それだけで,80,84,35,94,55,75,66,1,2026,0.0
1728,いまみれん,求める nor i,80,86,34,95,56,74,67,1,2025,0.0
