artist,A_track_count,B_track_count,new200_track_count,A_slots,B_slots,B_new200_slots,B_new200_charted_tracks
10cc,1,1,0,0,0,0,0
1986オメガトライブ,2,2,0,0,0,0,0
2NE1,1,1,0,0,2,0,0
AAAMYYY,3,3,0,0,2,0,0
ABBA,1,1,0,1,0,0,0
ACIDMAN,3,3,0,5,7,0,0
ART-SCHOOL,3,3,0,1,8,0,0
ASIAN KUNG-FU GENERATION,4,4,0,0,0,0,0
Adele,1,1,0,2,0,0,0
Aimer,3,3,0,0,0,0,0
Al Green,1,1,0,0,0,0,0
Al Kooper,1,1,0,0,0,0,0
Alan Walker,1,1,0,17,0,0,0
Alanis Morissette,2,2,0,5,1,0,0
Alfred Beach Sandal,3,3,0,4,0,0,0
Alice in Chains,1,1,0,0,0,0,0
Alicia Keys,1,1,0,31,9,0,0
Alvvays,1,1,0,0,0,0,0
American Football,1,1,0,0,0,0,0
Aphex Twin,1,1,0,0,0,0,0
Arctic Monkeys,3,3,0,4,4,0,0
Ariana Grande,2,2,0,7,3,0,0
Avicii,2,2,0,64,31,0,0
Awesome City Club,2,2,0,6,1,0,0
B'z,3,3,0,19,12,0,0
BACK DROP BOMB,0,4,4,0,0,0,0
BEAT CRUSADERS,3,5,2,16,0,0,0
BEGIN,2,2,0,13,18,0,0
BIGBANG,1,1,0,15,3,0,0
BIM,3,3,0,1,2,0,0
BLACKPINK,2,2,0,17,15,0,0
BLANKEY JET CITY,0,5,5,0,1,1,1
BONNIE PINK,0,4,4,0,4,4,2
BRAHMAN,0,4,4,0,0,0,0
BREIMEN,3,3,0,4,4,0,0
BTS,2,2,0,18,4,0,0
BUMP OF CHICKEN,4,4,0,7,10,0,0
Base Ball Bear,2,2,0,5,0,0,0
Beach House,2,2,0,0,0,0,0
Beck,4,4,0,0,0,0,0
Bee Gees,1,1,0,2,0,0,0
Belle and Sebastian,2,5,3,0,5,4,1
Ben E. King,1,1,0,41,30,0,0
Beyoncé,2,2,0,3,25,0,0
BiSH,3,3,0,0,5,0,0
Big Thief,1,1,0,0,0,0,0
Bill Evans,1,1,0,0,0,0,0
Billie Eilish,2,2,0,6,1,0,0
Billy Joel,3,3,0,0,14,0,0
Björk,1,1,0,2,46,0,0
Blink-182,2,2,0,4,0,0,0
Blur,5,5,0,15,0,0,0
Bob Dylan,1,1,0,5,0,0,0
Bon Jovi,2,2,0,3,18,0,0
Bruno Mars,2,2,0,11,4,0,0
Buffalo Daughter,0,4,4,0,0,0,0
CHAGE and ASKA,3,3,0,14,0,0,0
CHAI,3,3,0,0,0,0,0
Calvin Harris,2,2,0,7,20,0,0
Camera Obscura,1,1,0,0,0,0,0
Carly Rae Jepsen,1,1,0,0,2,0,0
Carole King,1,1,0,3,9,0,0
Carpenters,1,1,0,17,35,0,0
Chappell Roan,1,1,0,0,0,0,0
Chara,3,3,0,2,0,0,0
Clairo,2,2,0,0,1,0,0
Clean Bandit,1,1,0,13,24,0,0
Cocco,0,5,5,0,128,128,4
Cocteau Twins,2,2,0,0,0,0,0
Cody・Lee(李),2,2,0,0,0,0,0
Coldplay,6,6,0,5,7,0,0
Cornelius,5,5,0,12,0,0,0
Crowded House,1,1,0,0,0,0,0
Cymbals,4,4,0,1,6,0,0
Cyndi Lauper,1,1,0,27,59,0,0
D.A.N.,3,3,0,0,0,0,0
DEEN,3,3,0,11,22,0,0
DJ Snake,2,2,0,7,23,0,0
DREAMS COME TRUE,3,3,0,51,11,0,0
DYGL,3,3,0,0,0,0,0
DYINGDAY,2,2,0,0,0,0,0
Daft Punk,3,3,0,37,9,0,0
David Bowie,2,2,0,0,0,0,0
David Guetta,2,2,0,24,4,0,0
Derek & The Dominos,1,1,0,19,0,0,0
Diana Ross,1,1,0,8,0,0,0
Dinosaur Jr.,3,3,0,0,0,0,0
Disclosure,2,2,0,14,0,0,0
Do As Infinity,2,2,0,6,36,0,0
Doja Cat,1,1,0,3,0,0,0
Donald Fagen,2,2,0,4,7,0,0
Dr. Dre,1,1,0,0,0,0,0
Dua Lipa,2,2,0,2,0,0,0
EPO,3,3,0,6,3,0,0
EXO,1,1,0,10,10,0,0
Eagles,1,1,0,4,0,0,0
"Earth, Wind & Fire",1,1,0,26,0,0,0
Ed Sheeran,1,1,0,26,27,0,0
Elliott Smith,0,2,2,0,25,25,2
Elton John,1,1,0,0,0,0,0
Emerald,3,3,0,0,0,0,0
Enya,2,2,0,0,0,0,0
Eric Clapton,1,1,0,0,0,0,0
Eric Prydz,1,1,0,3,0,0,0
Every Little Thing,3,3,0,9,1,0,0
Everything But The Girl,2,2,0,1,0,0,0
FIELD OF VIEW,3,3,0,12,0,0,0
Fatboy Slim,1,1,0,2,0,0,0
Fishmans,10,10,0,17,13,0,0
Fleetwood Mac,2,2,0,0,2,0,0
Flying Lotus,1,1,0,0,0,0,0
Foo Fighters,3,3,0,7,27,0,0
For Tracy Hyde,3,3,0,0,0,0,0
Franz Ferdinand,2,2,0,0,21,0,0
G-DRAGON,1,1,0,0,0,0,0
GEZAN,3,3,0,0,0,0,0
GLAY,3,3,0,8,8,0,0
GO!GO!7188,4,4,0,0,12,0,0
GOING STEADY,0,5,5,0,33,33,2
GOING UNDER GROUND,3,3,0,1,2,0,0
GRAPEVINE,4,4,0,0,0,0,0
GREAT3,0,4,4,0,1,1,1
Galantis,1,1,0,19,3,0,0
Galaxie 500,2,4,2,0,0,0,0
Galileo Galilei,2,2,0,0,0,0,0
Garbage,2,2,0,0,0,0,0
George Harrison,1,1,0,0,0,0,0
Girls' Generation,1,1,0,7,0,0,0
Gotye,1,1,0,0,6,0,0
Green Day,4,4,0,0,1,0,0
"Grover Washington, Jr.",1,1,0,0,0,0,0
Guns N’ Roses,1,1,0,0,1,0,0
HUSKING BEE,0,5,5,0,2,2,1
Hall & Oates,2,2,0,0,0,0,0
Hana Hope,2,2,0,0,5,0,0
Harry Styles,1,1,0,0,1,0,0
Helsinki Lambda Club,3,3,0,2,1,0,0
Hi-STANDARD,1,5,4,0,4,4,2
Homecomings,3,3,0,0,1,0,0
Hot Chip,1,1,0,0,0,0,0
IU,1,1,0,2,0,0,0
IVE,2,2,0,22,4,0,0
Imagine Dragons,1,1,0,0,0,0,0
JUDY AND MARY,3,5,2,17,12,1,1
JUN SKY WALKER(S),3,3,0,25,16,0,0
Jamiroquai,1,1,0,38,57,0,0
Janet Jackson,1,1,0,0,0,0,0
Jeff Buckley,1,1,0,0,0,0,0
Jimi Hendrix,1,1,0,1,0,0,0
Joy Division,1,1,0,0,1,0,0
Justin Bieber,1,1,0,5,0,0,0
KAN,3,3,0,1,2,0,0
KANA-BOON,2,2,0,0,0,0,0
KARA,1,1,0,10,0,0,0
KID FRESINO,3,3,0,3,3,0,0
KOTORI,3,3,0,0,0,0,0
Kanye West,1,1,0,1,0,0,0
Katy Perry,2,2,0,5,3,0,0
Kendrick Lamar,1,1,0,2,17,0,0
Khruangbin,2,2,0,0,0,0,0
King Crimson,1,1,0,3,0,0,0
King Gnu,3,3,0,0,2,0,0
Kings of Convenience,2,2,0,1,0,0,0
Kraftwerk,1,1,0,0,5,0,0
Kroi,2,2,0,0,12,0,0
Kygo,2,2,0,47,19,0,0
L'Arc～en～Ciel,3,3,0,6,2,0,0
LCD Soundsystem,1,1,0,0,0,0,0
LE SSERAFIM,2,2,0,2,0,0,0
LINDBERG,3,3,0,8,0,0,0
LMFAO,1,1,0,35,23,0,0
LOST IN TIME,3,3,0,10,0,0,0
LUCKY TAPES,3,3,0,5,0,0,0
LUNA SEA,3,3,0,13,13,0,0
Lady Gaga,2,2,0,1,5,0,0
Laura day romance,3,3,0,9,1,0,0
Led Zeppelin,1,1,0,0,0,0,0
Linkin Park,3,3,0,9,14,0,0
Lizzo,1,1,0,0,0,0,0
Lorde,1,1,0,1,0,0,0
Lou Reed,2,2,0,0,0,0,0
Luby Sparks,3,3,0,0,0,0,0
"Lucie,Too",3,3,0,0,1,0,0
METAFIVE,1,1,0,0,13,0,0
MGMT,3,3,0,0,1,0,0
MISIA,3,3,0,17,0,0,0
MIZ,8,8,0,98,74,0,0
MONKEY MAJIK,3,3,0,0,2,0,0
MONO NO AWARE,12,12,0,225,202,0,0
MUTE BEAT,0,5,5,0,2,2,1
Mac DeMarco,2,2,0,0,0,0,0
Major Lazer,1,1,0,13,4,0,0
Manic Street Preachers,2,2,0,0,0,0,0
Maroon 5,1,1,0,2,13,0,0
Marshmello,1,1,0,4,6,0,0
Martin Garrix,1,1,0,10,18,0,0
Marvin Gaye,3,3,0,11,9,0,0
Massive Attack,2,3,1,14,19,19,1
Mazzy Star,2,2,0,1,10,0,0
Melt-Banana,0,3,3,0,0,0,0
Men I Trust,2,2,0,0,0,0,0
Metallica,2,2,0,2,5,0,0
Metronomy,1,1,0,0,0,0,0
Michael Jackson,1,1,0,0,2,0,0
Miley Cyrus,1,1,0,0,0,0,0
Mitski,1,1,0,0,0,0,0
Mondo Grosso,1,1,0,0,0,0,0
Mr.Children,3,6,3,3,20,13,2
Mrs. GREEN APPLE,3,3,0,19,23,0,0
Muse,3,3,0,12,8,0,0
My Bloody Valentine,2,4,2,0,3,0,0
My Chemical Romance,1,1,0,0,0,0,0
My Little Lover,4,5,1,1,0,0,0
NCT 127,1,1,0,0,0,0,0
NOT WONK,3,3,0,0,2,0,0
NUMBER GIRL,4,7,3,4,11,0,0
New Order,5,5,0,8,8,0,0
NewJeans,1,1,0,4,2,0,0
Nick Drake,2,2,0,5,2,0,0
Nirvana,4,4,0,10,2,0,0
No Buses,3,3,0,2,0,0,0
No Doubt,2,2,0,39,1,0,0
Norah Jones,2,2,0,0,0,0,0
Nujabes,2,2,0,10,1,0,0
Nulbarich,3,3,0,16,2,0,0
OOIOO,0,3,3,0,0,0,0
ORIGINAL LOVE,4,4,0,4,1,0,0
Oasis,4,4,0,21,18,0,0
Official髭男dism,4,4,0,18,0,0,0
Olivia Rodrigo,1,1,0,0,0,0,0
OneRepublic,1,1,0,0,0,0,0
P-MODEL,0,4,4,0,0,0,0
PENPALS,0,3,3,0,0,0,0
PK shampoo,3,3,0,0,0,0,0
PRINCESS PRINCESS,3,3,0,10,20,0,0
PSY,1,1,0,5,3,0,0
PUFFY,3,4,1,14,29,2,1
PUNPEE,3,3,0,0,0,0,0
Parannoul,1,1,0,0,1,0,0
Pavement,2,5,3,0,4,0,0
Pearl Jam,3,3,0,1,2,0,0
Pharrell Williams,1,1,0,11,0,0,0
Phoenix,2,2,0,0,3,0,0
Pixies,2,4,2,1,0,0,0
Polaris,4,4,0,5,1,0,0
Portishead,1,2,1,0,1,1,1
Post Malone,1,1,0,0,0,0,0
Prefab Sprout,2,2,0,3,4,0,0
Primal Scream,3,3,0,2,0,0,0
Prince,3,3,0,2,2,0,0
Procol Harum,1,1,0,0,0,0,0
Pulp,3,3,0,10,6,0,0
Queen,4,4,0,26,9,0,0
R.E.M.,5,5,0,11,40,0,0
RADWIMPS,3,3,0,0,2,0,0
RCサクセション,3,5,2,4,30,11,1
REBECCA,3,3,0,9,5,0,0
ROSÉ,1,1,0,0,12,0,0
ROUND TABLE,4,4,0,4,5,0,0
Radiohead,7,7,0,2,36,0,0
Rage Against the Machine,2,2,0,2,0,0,0
Real Estate,1,1,0,0,0,0,0
Red Hot Chili Peppers,4,4,0,2,18,0,0
Red Velvet,1,1,0,0,0,0,0
Ride,1,1,0,0,0,0,0
Rihanna,2,2,0,5,17,0,0
SAKEROCK,3,3,0,0,2,0,0
SEVENTEEN,2,2,0,10,0,0,0
SHINee,1,1,0,5,0,0,0
SHISHAMO,2,2,0,0,0,0,0
SIRUP,3,3,0,0,0,0,0
SNAIL RAMP,0,3,3,0,0,0,0
SPEED,2,2,0,5,0,0,0
STUTS,4,4,0,0,0,0,0
SUPER BUTTER DOG,1,5,4,5,12,10,3
SUPERCAR,4,8,4,2,10,0,0
Sabrina Carpenter,1,1,0,2,8,0,0
Sade,1,1,0,0,0,0,0
Saucy Dog,3,3,0,4,5,0,0
Sia,1,1,0,18,0,0,0
Simon & Garfunkel,3,3,0,15,6,0,0
Slowdive,2,2,0,0,10,0,0
Sly & The Family Stone,1,1,0,0,0,0,0
Sonic Youth,2,4,2,1,3,0,0
Soundgarden,1,1,0,0,6,0,0
Spangle call Lilli line,4,4,0,1,7,0,0
Squarepusher,1,1,0,0,0,0,0
Steely Dan,2,2,0,0,0,0,0
Stereolab,0,3,3,0,2,2,1
Stevie Wonder,2,2,0,10,5,0,0
Sting,1,1,0,3,3,0,0
Stray Kids,2,2,0,1,0,0,0
Suchmos,3,3,0,0,0,0,0
Suede,3,3,0,1,0,0,0
Super Junior,1,1,0,1,0,0,0
Swedish House Mafia,2,2,0,15,2,0,0
Swing Out Sister,2,2,0,0,0,0,0
Syrup16g,3,3,0,16,5,0,0
T-BOLAN,3,3,0,16,15,0,0
TAEYANG,1,1,0,0,3,0,0
TAMTAM,3,3,0,0,1,0,0
TENDRE,3,3,0,8,0,0,0
THE BLUE HEARTS,3,3,0,1,27,0,0
THE BOOM,2,2,0,32,1,0,0
THE HIGH-LOWS,3,3,0,9,14,0,0
THE YELLOW MONKEY,3,3,0,0,1,0,0
TM NETWORK,3,3,0,37,25,0,0
TOMOO,3,3,0,0,0,0,0
TOTO,1,1,0,0,0,0,0
TRF,3,3,0,27,51,0,0
TUBE,2,2,0,0,0,0,0
TWICE,2,2,0,3,10,0,0
Tahiti 80,1,1,0,0,0,0,0
Talking Heads,2,2,0,0,0,0,0
Tame Impala,2,2,0,0,12,0,0
Taylor Swift,2,2,0,22,2,0,0
Tears for Fears,2,2,0,0,1,0,0
Teenage Fanclub,0,2,2,0,9,9,2
Television,1,1,0,20,22,0,0
Tempalay,3,3,0,0,2,0,0
The Avalanches,1,1,0,0,0,0,0
The Band,1,1,0,0,0,0,0
The Beach Boys,3,3,0,0,8,0,0
The Beatles,8,8,0,42,81,0,0
The Blue Nile,1,1,0,0,0,0,0
The Brand New Heavies,1,1,0,0,0,0,0
The Buggles,1,1,0,0,0,0,0
The Cardigans,2,2,0,0,0,0,0
The Chainsmokers,2,2,0,24,7,0,0
The Cranberries,3,3,0,10,4,0,0
The Cure,4,4,0,20,48,0,0
The Divine Comedy,1,1,0,0,0,0,0
The Doobie Brothers,1,1,0,39,30,0,0
The Flaming Lips,2,2,0,0,0,0,0
The Jackson 5,1,1,0,0,8,0,0
The Jesus and Mary Chain,2,2,0,0,0,0,0
The Killers,3,3,0,7,5,0,0
The Kinks,1,1,0,0,1,0,0
The La's,1,1,0,0,0,0,0
The Lemonheads,1,1,0,0,0,0,0
The Offspring,1,1,0,0,3,0,0
The Police,1,1,0,32,69,0,0
The Rolling Stones,1,1,0,5,0,0,0
The Ronettes,1,1,0,0,0,0,0
The Smashing Pumpkins,3,3,0,7,0,0,0
The Smiths,2,4,2,0,0,0,0
The Stone Roses,3,3,0,0,0,0,0
The Strokes,3,3,0,15,9,0,0
The Style Council,3,3,0,0,0,0,0
The Sundays,2,2,0,0,0,0,0
The Velvet Underground,2,2,0,0,0,0,0
The Verve,2,2,0,9,0,0,0
The Wannadies,1,1,0,5,10,0,0
The Weeknd,2,2,0,0,0,0,0
The White Stripes,2,2,0,2,5,0,0
The Who,1,1,0,0,0,0,0
The xx,2,2,0,0,1,0,0
Thee Michelle Gun Elephant,2,7,5,3,10,0,0
Tiësto,2,2,0,0,6,0,0
Todd Rundgren,1,1,0,2,0,0,0
Tommy february6,2,2,0,3,2,0,0
Toro y Moi,1,1,0,0,0,0,0
Tracy Chapman,1,1,0,0,0,0,0
Trashcan Sinatras,1,1,0,0,4,0,0
U2,4,4,0,21,18,0,0
UA,4,4,0,3,12,0,0
UNICORN,3,3,0,1,12,0,0
Underworld,1,1,0,85,35,0,0
VIDEOTAPEMUSIC,3,3,0,0,2,0,0
Vampire Weekend,2,2,0,2,16,0,0
Vaundy,4,4,0,2,3,0,0
Vulfpeck,1,1,0,0,0,0,0
WANDS,3,3,0,14,28,0,0
WONK,2,2,0,6,5,0,0
Washed Out,1,1,0,4,0,0,0
Weezer,3,3,0,18,19,0,0
Wilco,2,2,0,0,2,0,0
Wild Nothing,1,1,0,0,0,0,0
Wonder Girls,1,1,0,0,0,0,0
X JAPAN,3,3,0,4,8,0,0
XTC,1,1,0,0,10,0,0
YELLOW MAGIC ORCHESTRA,3,3,0,0,1,0,0
YEN TOWN BAND,1,1,0,0,0,0,0
YOASOBI,3,3,0,0,5,0,0
YOUR SONG IS GOOD,4,4,0,1,4,0,0
Yo La Tengo,2,5,3,0,0,0,0
Yogee New Waves,3,3,0,0,0,0,0
ZARD,3,3,0,11,22,0,0
ZAZEN BOYS,0,5,5,0,0,0,0
Zedd,2,2,0,0,0,0,0
a-ha,1,1,0,0,2,0,0
advantage Lucy,4,4,0,0,3,0,0
aespa,2,2,0,18,3,0,0
aiko,2,2,0,4,8,0,0
andymori,2,2,0,0,0,0,0
back number,3,3,0,0,7,0,0
betcover!!,3,3,0,0,0,0,0
bloodthirsty butchers,3,5,2,3,0,0,0
bonobos,3,3,0,3,15,0,0
boygenius,1,1,0,16,0,0,0
bôa,1,1,0,12,4,0,0
cero,3,3,0,0,0,0,0
chelmico,3,3,0,1,4,0,0
clammbon,4,7,3,0,1,0,0
deadmau5,1,1,0,9,2,0,0
eastern youth,3,6,3,0,0,0,0
globe,3,3,0,6,4,0,0
hide with Spread Beaver,3,3,0,9,0,0,0
hitomi,2,2,0,10,21,0,0
imase,2,2,0,3,0,0,0
indigo la End,3,3,0,4,8,0,0
iri,3,3,0,0,0,0,0
m-flo,1,1,0,5,11,0,0
mei ehara,3,3,0,4,1,0,0
mei semones,3,3,0,0,0,0,0
milet,3,3,0,0,0,0,0
my bloody valentine,2,2,0,0,1,0,0
never young beach,3,3,0,0,2,0,0
odol,3,3,0,0,0,0,0
teto,3,3,0,0,0,0,0
the brilliant green,2,4,2,9,17,11,1
the pillows,4,4,0,0,1,0,0
toe,1,1,0,0,0,0,0
tofubeats,1,1,0,1,0,0,0
yonawo,3,3,0,1,0,0,0
あいみょん,3,3,0,0,0,0,0
おとぎ話,3,3,0,0,0,0,0
かぐや姫,2,2,0,0,1,0,0
かせきさいだぁ,1,4,3,0,0,0,0
きのこ帝国,3,3,0,0,0,0,0
くるり,7,7,0,21,1,0,0
さだまさし,2,2,0,0,0,0,0
さよならポニーテール,3,3,0,0,0,0,0
じゃがたら,0,5,5,0,10,10,3
ずっと真夜中でいいのに。,3,3,0,1,4,0,0
たま,1,5,4,4,5,0,0
はっぴいえんど,3,5,2,0,1,1,1
やくしまるえつこ,3,3,0,1,0,0,0
ゆらゆら帝国,1,6,5,0,2,2,1
アカシック,3,3,0,3,4,0,0
イルカ,2,2,0,6,3,0,0
ウルフルズ,3,3,0,3,1,0,0
エレファントカシマシ,1,1,0,0,2,0,0
オフコース,3,3,0,19,0,0,0
カネコアヤノ,3,3,0,1,1,0,0
カヒミ・カリィ,4,4,0,5,1,0,0
カルメン・マキ,2,2,0,5,1,0,0
キセル,3,5,2,12,11,4,2
キャンディーズ,2,2,0,27,10,0,0
キリンジ,6,6,0,0,2,0,0
キンモクセイ,1,1,0,0,0,0,0
クリープハイプ,3,3,0,1,6,0,0
ゲスの極み乙女,3,3,0,10,1,0,0
ゴダイゴ,1,1,0,0,2,0,0
サカナクション,3,3,0,8,2,0,0
サザンオールスターズ,3,3,0,8,5,0,0
サニーデイ・サービス,5,5,0,26,13,0,0
サンボマスター,4,6,2,9,3,3,1
シャムキャッツ,3,3,0,1,2,0,0
シャ乱Q,3,3,0,4,10,0,0
シュガー・ベイブ,3,3,0,0,8,0,0
スカート,3,3,0,1,4,0,0
スチャダラパー,1,5,4,61,126,20,3
スネオヘアー,3,3,0,0,0,0,0
スピッツ,5,8,3,32,14,0,0
ズーカラデル,3,3,0,0,0,0,0
チャットモンチー,4,4,0,1,3,0,0
チャラン・ポ・ランタン,2,2,0,0,0,0,0
チューリップ,3,3,0,13,9,0,0
ティン・パン・アレー,3,3,0,8,10,0,0
トクマルシューゴ,3,3,0,0,0,0,0
トリプルファイヤー,3,3,0,2,1,0,0
ドミコ,3,3,0,0,4,0,0
ハナレグミ,4,4,0,11,7,0,0
パスピエ,3,3,0,19,12,0,0
ヒカシュー,0,4,4,0,3,3,1
ピチカート・ファイヴ,4,4,0,2,4,0,0
フジファブリック,4,8,4,14,14,10,2
フラワーカンパニーズ,3,3,0,0,0,0,0
フリッパーズ・ギター,4,4,0,0,0,0,0
フレデリック,2,2,0,0,0,0,0
ペトロールズ,1,1,0,0,5,0,0
ポルノグラフィティ,2,2,0,24,0,0,0
マカロニえんぴつ,3,3,0,16,3,0,0
マハラージャン,2,2,0,0,0,0,0
ミツメ,3,3,0,0,0,0,0
ムーンライダーズ,0,4,4,0,5,5,3
モーニング娘。,2,2,0,13,4,0,0
ヨルシカ,3,3,0,5,1,0,0
ラッキーオールドサン,3,3,0,0,0,0,0
ランカ・リー=中島愛,1,1,0,8,10,0,0
リーガルリリー,3,3,0,0,0,0,0
レイ・ハラカミ,1,1,0,17,0,0,0
レミオロメン,4,4,0,16,22,0,0
七尾旅人,3,3,0,0,0,0,0
三上寛,2,2,0,8,0,0,0
中島みゆき,2,2,0,0,0,0,0
中村佳穂,1,1,0,0,0,0,0
中森明菜,2,2,0,0,0,0,0
久保田利伸,3,3,0,0,2,0,0
久保田早紀,1,1,0,2,0,0,0
乙女絵画,3,3,0,0,0,0,0
井上陽水,4,4,0,2,0,0,0
井上陽水・安全地帯,1,1,0,1,0,0,0
亜蘭知子,2,2,0,2,4,0,0
佐野元春,3,3,0,38,12,0,0
前野健太,3,3,0,0,0,0,0
加川良,2,2,0,3,3,0,0
南佳孝,3,3,0,1,0,0,0
原田知世,2,2,0,4,0,0,0
友部正人,2,2,0,8,0,0,0
台風クラブ,3,3,0,1,0,0,0
吉田拓郎,2,2,0,0,0,0,0
吉田美奈子,3,3,0,8,9,0,0
君島大空,3,3,0,0,0,0,0
坂本真綾,1,1,0,0,0,0,0
坂本龍一,3,3,0,20,12,0,0
夏川りみ,2,2,0,0,0,0,0
大江千里,3,3,0,12,0,0,0
大滝詠一,3,3,0,0,2,0,0
大澤誉志幸,1,1,0,0,0,0,0
大瀧詠一,0,3,3,0,12,12,2
大貫妙子,3,5,2,1,1,1,1
大黒摩季,3,3,0,31,15,0,0
太田裕美,2,2,0,2,34,0,0
奇妙礼太郎,3,3,0,2,8,0,0
奥田民生,3,3,0,7,10,0,0
宇多田ヒカル,7,7,0,29,16,0,0
安全地帯,2,2,0,0,0,0,0
安室奈美恵,2,2,0,0,0,0,0
家主,3,3,0,0,0,0,0
寺尾紗穂,3,3,0,0,3,0,0
寺尾聰,2,2,0,0,5,0,0
小坂忠,3,3,0,4,2,0,0
小沢健二,7,7,0,26,17,0,0
小泉今日子,3,3,0,51,37,0,0
尾崎紀世彦,1,1,0,0,0,0,0
山下久美子,2,2,0,0,2,0,0
山下達郎,3,3,0,1,0,0,0
山口百恵,2,2,0,3,0,0,0
山崎まさよし,3,3,0,26,19,0,0
山崎ハコ,2,2,0,0,3,0,0
岡村靖幸,2,2,0,0,0,0,0
岡林信康,2,2,0,0,4,0,0
崎山蒼志,3,3,0,2,3,0,0
布施明,1,1,0,2,0,0,0
思い出野郎Aチーム,3,3,0,6,3,0,0
戸川純,0,5,5,0,6,6,3
折坂悠太,3,3,0,0,0,0,0
斉藤和義,3,3,0,8,0,0,0
斉藤由貴,2,2,0,0,0,0,0
新しい学校のリーダーズ,2,2,0,0,0,0,0
星野源,4,4,0,2,20,0,0
時速36km,3,3,0,0,0,0,0
曽我部恵一,3,3,0,0,1,0,0
杉山清貴&オメガトライブ,2,2,0,3,0,0,0
杉真理,3,3,0,11,3,0,0
杏里,2,2,0,0,0,0,0
村下孝蔵,1,1,0,0,3,0,0
来生たかお,2,2,0,13,2,0,0
東京No.1 SOUL SET,0,5,5,0,5,5,1
東京事変,5,5,0,12,3,0,0
松任谷由実,4,4,0,0,16,0,0
松原みき,2,2,0,0,1,0,0
松山千春,2,2,0,0,0,0,0
松本伊代,2,2,0,0,0,0,0
松田聖子,2,2,0,3,0,0,0
柴田聡子,3,3,0,1,4,0,0
森は生きている,3,3,0,0,0,0,0
森田童子,2,2,0,4,1,0,0
森高千里,3,3,0,0,8,0,0
椎名林檎,7,7,0,9,6,0,0
槇原敬之,3,3,0,2,2,0,0
櫻坂46,1,1,0,9,0,0,0
水曜日のカンパネラ,3,3,0,2,0,0,0
浅川マキ,2,2,0,7,2,0,0
浜崎あゆみ,2,2,0,16,1,0,0
浪漫革命,3,3,0,1,3,0,0
浮,3,3,0,0,0,0,0
渡辺美里,3,3,0,6,5,0,0
濱田金吾,2,2,0,6,1,0,0
爆風スランプ,7,7,0,42,67,0,0
王舟,3,3,0,1,1,0,0
相対性理論,3,3,0,3,0,0,0
真心ブラザーズ,1,1,0,0,0,0,0
矢井田瞳,2,2,0,19,25,0,0
矢野顕子,3,3,0,1,0,0,0
神聖かまってちゃん,1,1,0,0,4,0,0
稲垣潤一,2,2,0,0,0,0,0
空気公団,4,4,0,9,0,0,0
竹内まりや,3,3,0,5,0,0,0
米津玄師,3,3,0,1,4,0,0
米米CLUB,3,3,0,24,9,0,0
細野晴臣,4,4,0,0,0,0,0
緑黄色社会,3,3,0,19,28,0,0
羅針盤,0,5,5,0,2,2,2
羊文学,3,3,0,0,0,0,0
荒井由実,3,3,0,4,3,0,0
薬師丸ひろ子,2,2,0,2,3,0,0
藤井風,6,6,0,5,3,0,0
角松敏生,2,2,0,2,1,0,0
角銅真実,3,3,0,4,6,0,0
踊ってばかりの国,3,3,0,0,0,0,0
遠藤賢司,2,2,0,17,2,0,0
鈴木茂,3,3,0,4,1,0,0
銀杏BOYZ,1,1,0,0,0,0,0
離婚伝説,2,2,0,9,0,0,0
電気グルーヴ,2,2,0,0,0,0,0
青葉市子,3,3,0,0,0,0,0
風,2,2,0,0,2,0,0
高田渡,3,6,3,0,4,4,2
鼓童,4,4,0,33,23,0,0
