track_id,artist,title,pool,A_top10_days,B_top10_days,difference,B_number1_days,B_RE_count,static_score
1,MONO NO AWARE,東京,existing,10,6,-4,0,1,72.4
2,MIZ,パレード,existing,2,0,-2,0,0,69.765
3,MONO NO AWARE,イワンコッチャナイ,existing,0,0,0,0,0,66.595
4,MIZ,空砲,existing,2,0,-2,0,0,70.57000000000001
5,MONO NO AWARE,かむかもしかもにどもかも！,existing,0,0,0,0,0,65.645
6,MIZ,夏がきたら,existing,6,0,-6,0,0,67.98
7,MONO NO AWARE,ゾッコン,existing,12,3,-9,0,0,70.82000000000001
8,MIZ,君に会った日は,existing,9,13,4,3,1,69.64
9,MONO NO AWARE,そこにあったから,existing,3,22,19,2,2,69.89
10,MIZ,パジャマでハイウェイ,existing,14,14,0,0,2,70.725
11,MONO NO AWARE,異邦人,existing,48,33,-15,3,2,72.30000000000001
12,MIZ,丘,existing,22,10,-12,4,3,69.545
13,MONO NO AWARE,孤独になってみたい,existing,0,0,0,0,0,66.925
14,MIZ,とびうおのうた,existing,43,21,-22,0,2,70.77000000000001
15,MONO NO AWARE,もうけもん,existing,7,7,0,0,0,70.075
16,MIZ,暑中見舞い,existing,0,16,16,0,2,68.995
17,MONO NO AWARE,風の向きが変わって,existing,22,9,-13,0,0,70.48
18,MONO NO AWARE,アングル,existing,24,2,-22,0,0,69.875
19,MONO NO AWARE,幽霊船,existing,37,73,36,11,5,73.26
20,MONO NO AWARE,水が湧いた,existing,62,47,-15,8,2,72.15
21,おとぎ話,アテなし,existing,0,0,0,0,0,61.31
22,アカシック,8ミリフィルム,existing,0,0,0,0,0,60.17999999999999
23,乙女絵画,川,existing,0,0,0,0,0,60.43
24,シャムキャッツ,Four O’clock Flower,existing,1,2,1,0,0,63.57000000000001
25,台風クラブ,まつりのあと,existing,0,0,0,0,0,63.63999999999999
26,家主,家主のテーマ,existing,0,0,0,0,0,59.475
27,踊ってばかりの国,Boy,existing,0,0,0,0,0,62.35000000000001
28,トリプルファイヤー,次やったら殴る,existing,0,1,1,0,0,64.78500000000001
29,ラッキーオールドサン,ミッドナイト・バス,existing,0,0,0,0,0,60.75
30,カネコアヤノ,祝日,existing,0,0,0,0,0,67.09000000000002
31,きのこ帝国,金木犀の夜,existing,0,0,0,0,0,61.93
32,cero,Summer Soul,existing,0,0,0,0,0,62.505
33,ミツメ,エスパー,existing,0,0,0,0,0,64.86
34,Homecomings,HURTS,existing,0,0,0,0,0,61.08000000000001
35,Yogee New Waves,CLIMAX NIGHT,existing,0,0,0,0,0,64.80000000000001
36,never young beach,明るい未来,existing,0,2,2,0,0,63.19
37,Tempalay,革命前夜,existing,0,0,0,0,0,64.745
38,羊文学,1999,existing,0,0,0,0,0,65.15
39,BiSH,オーケストラ,existing,0,5,5,0,0,62.46000000000001
40,CHAI,N.E.O.,existing,0,0,0,0,0,57.67
41,DYGL,Let It Out,existing,0,0,0,0,0,61.88
42,D.A.N.,Native Dancer,existing,0,0,0,0,0,65.64
43,Suchmos,MINT,existing,0,0,0,0,0,63.379999999999995
44,LUCKY TAPES,MOON,existing,5,0,-5,0,0,62.94500000000001
45,SIRUP,Loop,existing,0,0,0,0,0,65.27
46,iri,Wonderland,existing,0,0,0,0,0,66.11000000000001
47,yonawo,tokyo,existing,0,0,0,0,0,65.80000000000001
48,TENDRE,DOCUMENT,existing,5,0,-5,0,0,62.470000000000006
49,STUTS,Mirrors,existing,0,0,0,0,0,61.39
50,PUNPEE,タイムマシーンにのって,existing,0,0,0,0,0,62.26
51,KID FRESINO,Salve,existing,3,0,-3,0,0,65.735
52,BIM,Bonita,existing,0,1,1,0,0,62.24000000000001
53,chelmico,Easy Breezy,existing,0,0,0,0,0,59.86
54,スカート,静かな夜がいい,existing,1,2,1,0,0,65.59
55,柴田聡子,後悔,existing,1,0,-1,0,0,64.305
56,折坂悠太,朝顔,existing,0,0,0,0,0,65.625
57,君島大空,遠視のコントラルト,existing,0,0,0,0,0,63.980000000000004
58,崎山蒼志,五月雨,existing,0,0,0,0,0,61.00000000000001
59,青葉市子,いきのこり●ぼくら,existing,0,0,0,0,0,58.760000000000005
60,mei ehara,最初の日は,existing,0,0,0,0,0,65.55000000000001
61,角銅真実,Lullaby,existing,0,2,2,0,0,63.445
62,浮,つきひ,existing,0,0,0,0,0,59.745000000000005
63,寺尾紗穂,楕円の夢,existing,0,0,0,0,0,62.45
64,前野健太,東京の空,existing,0,0,0,0,0,62.90000000000001
65,さよならポニーテール,空も飛べるはず,existing,0,0,0,0,0,57.39
66,相対性理論,LOVEずっきゅん,existing,3,0,-3,0,0,64.83500000000001
67,やくしまるえつこ,ヴィーナスとジーザス,existing,0,0,0,0,0,63.39
68,パスピエ,トロイメライ,existing,0,0,0,0,0,60.894999999999996
69,水曜日のカンパネラ,桃太郎,existing,0,0,0,0,0,62.160000000000004
70,森は生きている,光の蠱惑,existing,0,0,0,0,0,65.09500000000001
71,VIDEOTAPEMUSIC,世界各国の夜,existing,0,2,2,0,0,66.89500000000001
72,Alfred Beach Sandal,Fugue State,existing,0,0,0,0,0,62.050000000000004
73,思い出野郎Aチーム,ダンスに間に合う,existing,6,3,-3,0,0,67.28
74,YOUR SONG IS GOOD,THE LOVE SONG,existing,0,0,0,0,0,63.70000000000001
75,キセル,ハナレバナレ,existing,0,1,1,0,0,59.30500000000001
76,Polaris,深呼吸,existing,5,0,-5,0,0,65.30999999999999
77,clammbon,Re-雨,existing,0,1,1,0,0,61.78000000000001
78,七尾旅人,サーカスナイト,existing,0,0,0,0,0,63.18000000000001
79,奇妙礼太郎,君が誰かの彼女になりくさっても,existing,0,0,0,0,0,63.580000000000005
80,王舟,Thailand,existing,0,1,1,0,0,63.88
81,トクマルシューゴ,Rum Hee,existing,0,0,0,0,0,60.519999999999996
82,mei semones,Kabutomushi,existing,0,0,0,0,0,59.78000000000001
83,betcover!!,NOBORU,existing,0,0,0,0,0,64.22000000000001
84,GEZAN,萃点,existing,0,0,0,0,0,63.525000000000006
85,ドミコ,こんなのおかしくない？,existing,0,0,0,0,0,64.03000000000002
86,Helsinki Lambda Club,TVHBD,existing,0,0,0,0,0,64.30999999999999
87,odol,生活,existing,0,0,0,0,0,63.95
88,Laura day romance,sad number,existing,0,1,1,0,0,67.175
89,For Tracy Hyde,Underwater Girl,existing,0,0,0,0,0,61.935
90,Luby Sparks,Thursday,existing,0,0,0,0,0,57.480000000000004
91,DYINGDAY,Out of Blue,existing,0,0,0,0,0,62.17
92,NOT WONK,Down the Valley,existing,0,0,0,0,0,62.95
93,No Buses,Pretty Old Man,existing,0,0,0,0,0,61.95
94,KOTORI,EVERGREEN,existing,0,0,0,0,0,64.49
95,リーガルリリー,リッケンバッカー,existing,0,0,0,0,0,67.26
96,"Lucie,Too",Lucky,existing,0,1,1,0,0,67.265
97,teto,高層ビルと人工衛星,existing,0,0,0,0,0,63.230000000000004
98,PK shampoo,京都線,existing,0,0,0,0,0,61.160000000000004
99,時速36km,七月七日通り,existing,0,0,0,0,0,62.675000000000004
100,ズーカラデル,生活,existing,0,0,0,0,0,63.00000000000001
101,浪漫革命,愛は1/2,existing,0,0,0,0,0,62.45
102,BREIMEN,IWBYL,existing,4,2,-2,0,0,65.23
103,AAAMYYY,Leeloo,existing,0,1,1,0,0,65.97
104,TAMTAM,Worksong! Feat.鎮座DOPENESS,existing,0,0,0,0,0,59.88
105,Emerald,ふれたい光,existing,0,0,0,0,0,60.71000000000001
106,Nulbarich,NEW ERA,existing,0,2,2,0,0,64.69
107,MONKEY MAJIK,Around The World,existing,0,2,2,0,0,65.38000000000001
108,おとぎ話,EARTHBOUND,existing,0,0,0,0,0,60.09
109,アカシック,今日から夜は家にいるよ,existing,0,1,1,0,0,63.790000000000006
110,乙女絵画,軛,existing,0,0,0,0,0,65.06
111,シャムキャッツ,Coyote,existing,0,0,0,0,0,60.14000000000001
112,台風クラブ,処暑,existing,1,0,-1,0,0,62.99000000000001
113,家主,オープンカー,existing,0,0,0,0,0,63.14500000000001
114,踊ってばかりの国,ghost,existing,0,0,0,0,0,61.74000000000001
115,トリプルファイヤー,トラックに轢かれた,existing,2,0,-2,0,0,64.815
116,ラッキーオールドサン,坂の多い町と退屈,existing,0,0,0,0,0,63.440000000000005
117,カネコアヤノ,光の方へ,existing,1,0,-1,0,0,63.21
118,きのこ帝国,クロノスタシス,existing,0,0,0,0,0,63.36999999999999
119,cero,Orphans,existing,0,0,0,0,0,60.64
120,ミツメ,セダン,existing,0,0,0,0,0,60.4
121,Homecomings,Blue Hour,existing,0,1,1,0,0,61.66
122,Yogee New Waves,Bluemin' Days,existing,0,0,0,0,0,60.00000000000001
123,never young beach,お別れの歌,existing,0,0,0,0,0,59.150000000000006
124,Tempalay,そなちね,existing,0,0,0,0,0,66.53500000000001
125,羊文学,光るとき,existing,0,0,0,0,0,64.04
126,BiSH,プロミスザスター,existing,0,0,0,0,0,59.42000000000001
127,CHAI,PINK,existing,0,0,0,0,0,63.28000000000001
128,DYGL,A Paper Dream,existing,0,0,0,0,0,60.510000000000005
129,D.A.N.,SSWB,existing,0,0,0,0,0,65.10499999999999
130,Suchmos,STAY TUNE,existing,0,0,0,0,0,63.480000000000004
131,LUCKY TAPES,Gun,existing,0,0,0,0,0,62.5
132,SIRUP,Do Well,existing,0,0,0,0,0,62.949999999999996
133,iri,rhythm,existing,0,0,0,0,0,66.82000000000001
134,yonawo,矜羯羅がる,existing,1,0,-1,0,0,64.78
135,TENDRE,RIDE,existing,0,0,0,0,0,62.14000000000001
136,STUTS,Changes,existing,0,0,0,0,0,59.105000000000004
137,PUNPEE,お嫁においで 2015,existing,0,0,0,0,0,63.62500000000001
138,KID FRESINO,Coincidence,existing,0,0,0,0,0,57.38
139,BIM,DNA,existing,0,1,1,0,0,64.9
140,chelmico,Player,existing,0,2,2,0,0,63.86000000000001
141,スカート,CALL,existing,0,0,0,0,0,65.625
142,柴田聡子,雑感,existing,0,0,0,0,0,61.39
143,折坂悠太,平成,existing,0,0,0,0,0,65.26
144,君島大空,午後の反射光,existing,0,0,0,0,0,65.67000000000002
145,崎山蒼志,夏至,existing,0,0,0,0,0,60.68
146,青葉市子,Porcelain,existing,0,0,0,0,0,65.29
147,mei ehara,蓋なしの彼,existing,3,1,-2,0,0,64.56
148,角銅真実,December 13,existing,3,4,1,0,0,66.445
149,浮,愛の話,existing,0,0,0,0,0,63.28
150,寺尾紗穂,九年,existing,0,3,3,0,0,66.86
151,前野健太,友達じゃがまんできない,existing,0,0,0,0,0,61.35
152,さよならポニーテール,新世界交響楽,existing,0,0,0,0,0,64.39
153,相対性理論,地獄先生,existing,0,0,0,0,0,61.99
154,やくしまるえつこ,ルル,existing,0,0,0,0,0,63.24
155,パスピエ,MATATABISTEP,existing,19,10,-9,1,2,68.545
156,水曜日のカンパネラ,ディアブロ,existing,2,0,-2,0,0,63.24999999999999
157,森は生きている,日々の泡沫,existing,0,0,0,0,0,62.69
158,VIDEOTAPEMUSIC,Kung-Fu Mambo,existing,0,0,0,0,0,59.14
159,Alfred Beach Sandal,One Day Calypso,existing,0,0,0,0,0,62.85
160,思い出野郎Aチーム,ステップ,existing,0,0,0,0,0,59.2
161,YOUR SONG IS GOOD,あいつによろしく,existing,0,3,3,0,0,63.769999999999996
162,キセル,くちなしの丘,existing,0,0,0,0,0,62.12
163,Polaris,光と影,existing,0,0,0,0,0,63.965
164,clammbon,Folklore,existing,0,0,0,0,0,64.36
165,七尾旅人,湘南が遠くなっていく,existing,0,0,0,0,0,60.77
166,奇妙礼太郎,愛の讃歌,existing,2,8,6,0,1,65.92
167,王舟,Ward,existing,0,0,0,0,0,64.305
168,トクマルシューゴ,Katachi,existing,0,0,0,0,0,57.24000000000001
169,mei semones,Wakare No Kotoba,existing,0,0,0,0,0,60.580000000000005
170,betcover!!,翔け夜の匂い草,existing,0,0,0,0,0,63.39
171,GEZAN,DNA,existing,0,0,0,0,0,64.30000000000001
172,ドミコ,まどろまない,existing,0,0,0,0,0,61.43
173,Helsinki Lambda Club,PIZZASHAKE,existing,0,0,0,0,0,64.05000000000001
174,odol,夜を抜ければ,existing,0,0,0,0,0,65.435
175,Laura day romance,透明,existing,9,0,-9,0,0,62.705
176,For Tracy Hyde,Sister Carrie,existing,0,0,0,0,0,61.62
177,Luby Sparks,Somewhere,existing,0,0,0,0,0,62.02
178,DYINGDAY,Mist,existing,0,0,0,0,0,62.55500000000001
179,NOT WONK,Laughing Nerds And A Wallflower,existing,0,0,0,0,0,66.15
180,No Buses,Tic,existing,0,0,0,0,0,59.959999999999994
181,KOTORI,素晴らしい世界,existing,0,0,0,0,0,63.55500000000001
182,リーガルリリー,1997,existing,0,0,0,0,0,62.940000000000005
183,"Lucie,Too",キミに恋,existing,0,0,0,0,0,62.160000000000004
184,teto,拝啓,existing,0,0,0,0,0,63.92999999999999
185,PK shampoo,夜間通用口,existing,0,0,0,0,0,61.82
186,時速36km,ハロー,existing,0,0,0,0,0,60.36
187,ズーカラデル,漂流劇団,existing,0,0,0,0,0,61.46
188,浪漫革命,サマタイム,existing,0,0,0,0,0,61.01
189,BREIMEN,MUSICA,existing,0,0,0,0,0,61.85000000000001
190,AAAMYYY,HOME,existing,0,0,0,0,0,63.77
191,TAMTAM,Esp,existing,0,0,0,0,0,58.85
192,Emerald,東京,existing,0,0,0,0,0,66.21000000000001
193,Nulbarich,Kiss You Back,existing,16,0,-16,0,0,66.04000000000002
194,MONKEY MAJIK,空はまるで,existing,0,0,0,0,0,63.525000000000006
195,おとぎ話,M,existing,0,0,0,0,0,64.54
196,アカシック,サンデイバージンディアボーイ,existing,3,3,0,0,0,66.48500000000001
197,乙女絵画,Untitled,existing,0,0,0,0,0,61.14
198,シャムキャッツ,Funny Face,existing,0,0,0,0,0,63.32000000000001
199,台風クラブ,台風銀座,existing,0,0,0,0,0,64.80000000000001
200,家主,NFP,existing,0,0,0,0,0,61.940000000000005
201,踊ってばかりの国,ほんとごめんね,existing,0,0,0,0,0,60.19
202,トリプルファイヤー,相席屋に行きたい,existing,0,0,0,0,0,59.980000000000004
203,ラッキーオールドサン,旅するギター,existing,0,0,0,0,0,61.620000000000005
204,カネコアヤノ,ロマンス宣言,existing,0,1,1,0,0,62.10000000000001
205,きのこ帝国,海と花束,existing,0,0,0,0,0,59.790000000000006
206,cero,街の報せ,existing,0,0,0,0,0,61.58500000000001
207,ミツメ,煙突,existing,0,0,0,0,0,63.53000000000001
208,Homecomings,Songbirds,existing,0,0,0,0,0,62.41
209,Yogee New Waves,World is Mine,existing,0,0,0,0,0,65.97500000000001
210,never young beach,どうでもいいけど,existing,0,0,0,0,0,65.54
211,Tempalay,続・New York City,existing,0,2,2,0,0,64.66000000000001
212,羊文学,マヨイガ,existing,0,0,0,0,0,61.985
213,BiSH,My landscape,existing,0,0,0,0,0,64.555
214,CHAI,アイム・ミー,existing,0,0,0,0,0,65.17000000000002
215,DYGL,Bad Kicks,existing,0,0,0,0,0,63.47000000000001
216,D.A.N.,Replica,existing,0,0,0,0,0,58.96
217,Suchmos,808,existing,0,0,0,0,0,61.31
218,LUCKY TAPES,Touch!,existing,0,0,0,0,0,63.59
219,SIRUP,Pool,existing,0,0,0,0,0,62.93000000000001
220,iri,Watashi,existing,0,0,0,0,0,65.42500000000001
221,yonawo,good job,existing,0,0,0,0,0,64.06
222,TENDRE,SIGN,existing,3,0,-3,0,0,66.105
223,STUTS,Presence I,existing,0,0,0,0,0,61.06
224,PUNPEE,Scenario,existing,0,0,0,0,0,63.345
225,KID FRESINO,Cats & Dogs,existing,0,3,3,0,0,64.48
226,BIM,BUDDY,existing,1,0,-1,0,0,60.699999999999996
227,chelmico,Love Is Over,existing,1,2,1,0,0,61.540000000000006
228,スカート,ストーリー,existing,0,2,2,0,0,64.06
229,柴田聡子,ぼちぼち銀河,existing,0,4,4,0,0,65.12
230,折坂悠太,坂道,existing,0,0,0,0,0,62.08999999999999
231,君島大空,向こう髪,existing,0,0,0,0,0,63.09
232,崎山蒼志,燈,existing,2,3,1,0,0,65.76000000000002
233,青葉市子,太陽さん,existing,0,0,0,0,0,61.589999999999996
234,mei ehara,不確か,existing,1,0,-1,0,0,61.38
235,角銅真実,Lark,existing,1,0,-1,0,0,63.95000000000001
236,浮,湯船,existing,0,0,0,0,0,64.96000000000001
237,寺尾紗穂,北へ向かう,existing,0,0,0,0,0,63.419999999999995
238,前野健太,鴨川,existing,0,0,0,0,0,62.24
239,さよならポニーテール,光る街へ,existing,0,0,0,0,0,63.51000000000001
240,相対性理論,ミス・パラレルワールド,existing,0,0,0,0,0,62.150000000000006
241,やくしまるえつこ,X次元へようこそ,existing,1,0,-1,0,0,63.500000000000014
242,パスピエ,贅沢ないいわけ,existing,0,2,2,0,0,60.93000000000001
243,水曜日のカンパネラ,エジソン,existing,0,0,0,0,0,60.290000000000006
244,森は生きている,煙夜の夢,existing,0,0,0,0,0,63.279999999999994
245,VIDEOTAPEMUSIC,Cocktail Moon,existing,0,0,0,0,0,62.75
246,Alfred Beach Sandal,モノポリー,existing,4,0,-4,0,0,65.69
247,思い出野郎Aチーム,楽しく暮らそう,existing,0,0,0,0,0,62.93
248,YOUR SONG IS GOOD,SOFT LANDING,existing,0,1,1,0,0,61.54500000000001
249,キセル,ビューティフル デイ,existing,12,6,-6,0,1,67.935
250,Polaris,檸檬,existing,0,0,0,0,0,60.06999999999999
251,clammbon,サラウンド,existing,0,0,0,0,0,59.6
252,七尾旅人,Rollin' Rollin',existing,0,0,0,0,0,63.03000000000001
253,奇妙礼太郎,散る 散る 満ちる,existing,0,0,0,0,0,64.13000000000001
254,王舟,New Song,existing,1,0,-1,0,0,64.515
255,トクマルシューゴ,Decorate,existing,0,0,0,0,0,62.19
256,mei semones,Inaka,existing,0,0,0,0,0,62.025000000000006
257,betcover!!,平和の大使,existing,0,0,0,0,0,61.510000000000005
258,GEZAN,東京,existing,0,0,0,0,0,62.81000000000001
259,ドミコ,ペーパーロールスター,existing,0,4,4,0,1,68.11000000000001
260,Helsinki Lambda Club,Good News Is Bad News,existing,2,1,-1,0,0,62.31000000000001
261,odol,往来,existing,0,0,0,0,0,61.36000000000001
262,Laura day romance,渚で会いましょう,existing,0,0,0,0,0,64.71000000000001
263,For Tracy Hyde,Floor,existing,0,0,0,0,0,62.99
264,Luby Sparks,Search + Destroy,existing,0,0,0,0,0,62.59
265,NOT WONK,Count,existing,0,2,2,0,0,64.4
266,No Buses,In Peace,existing,2,0,-2,0,0,63.38500000000001
267,KOTORI,RED,existing,0,0,0,0,0,65.155
268,リーガルリリー,ハナヒカリ,existing,0,0,0,0,0,64.69
269,"Lucie,Too",Heart Wave,existing,0,0,0,0,0,59.17000000000001
270,teto,暖かい都会から,existing,0,0,0,0,0,61.60500000000001
271,PK shampoo,君の秘密になりたい,existing,0,0,0,0,0,64.8
272,時速36km,動物的な暮らし,existing,0,0,0,0,0,62.055
273,ズーカラデル,夢の恋人,existing,0,0,0,0,0,61.64000000000001
274,浪漫革命,今夜だけ,existing,1,3,2,0,0,62.99999999999999
275,BREIMEN,yonaki,existing,0,2,2,0,0,66.55
276,AAAMYYY,Over My Dead Body,existing,0,1,1,0,0,62.790000000000006
277,TAMTAM,Beautiful Bad Dream,existing,0,1,1,0,0,60.64
278,Emerald,step out,existing,0,0,0,0,0,62.795
279,Nulbarich,VOICE,existing,0,0,0,0,0,65.78
280,MONKEY MAJIK,Together,existing,0,0,0,0,0,58.150000000000006
281,ピチカート・ファイヴ,東京は夜の七時,existing,2,4,2,0,0,66.75500000000001
282,フリッパーズ・ギター,恋とマシンガン,existing,0,0,0,0,0,64.39
283,小沢健二,ぼくらが旅に出る理由,existing,10,2,-8,0,0,69.525
284,Cornelius,THE SUN IS MY ENEMY,existing,0,0,0,0,0,63.980000000000004
285,カヒミ・カリィ,ハミングがきこえる,existing,0,0,0,0,0,65.19000000000001
286,ORIGINAL LOVE,接吻,existing,0,0,0,0,0,64.92999999999999
287,Fishmans,いかれたBaby,existing,0,6,6,0,0,66.98
288,サニーデイ・サービス,青春狂走曲,existing,0,0,0,0,0,66.78000000000002
289,UA,情熱,existing,3,1,-2,0,0,65.15500000000002
290,Chara,やさしい気持ち,existing,0,0,0,0,0,63.08
291,My Little Lover,"Hello, Again ～昔からある場所～",existing,0,0,0,0,0,64.66000000000001
292,キリンジ,エイリアンズ,existing,0,0,0,0,0,58.79
293,くるり,東京,existing,13,0,-13,0,0,67.785
294,フジファブリック,若者のすべて,existing,0,1,1,0,0,65.28999999999999
295,SUPERCAR,Strobolights,existing,2,2,0,0,0,68.64500000000001
296,NUMBER GIRL,透明少女,existing,0,0,0,0,0,64.64500000000001
297,ASIAN KUNG-FU GENERATION,君という花,existing,0,0,0,0,0,65.275
298,BUMP OF CHICKEN,車輪の唄,existing,0,0,0,0,0,65.56
299,ハナレグミ,家族の風景,existing,8,7,-1,1,1,67.75000000000001
300,東京事変,群青日和,existing,0,1,1,0,0,66.49000000000001
301,椎名林檎,丸ノ内サディスティック,existing,0,0,0,0,0,64.57000000000001
302,サンボマスター,世界はそれを愛と呼ぶんだぜ,existing,2,0,-2,0,0,64.275
303,レミオロメン,南風,existing,0,0,0,0,0,65.185
304,チャットモンチー,風吹けば恋,existing,1,1,0,0,0,65.895
305,GO!GO!7188,こいのうた,existing,0,12,12,0,1,67.48
306,GRAPEVINE,光について,existing,0,0,0,0,0,64.84
307,Cymbals,RALLY,existing,1,3,2,0,0,63.81
308,advantage Lucy,めまい,existing,0,0,0,0,0,67.47
309,Spangle call Lilli line,nano,existing,0,0,0,0,0,65.13
310,空気公団,夕暮れ電車に飛び乗れ,existing,0,0,0,0,0,64.34
311,ROUND TABLE,Let Me Be With You,existing,0,0,0,0,0,62.07
312,the pillows,Funny Bunny,existing,0,1,1,0,0,65.09
313,eastern youth,夏の日の午後,existing,0,0,0,0,0,60.309999999999995
314,bloodthirsty butchers,Jack Nicolson,existing,3,0,-3,0,0,66.275
315,BEAT CRUSADERS,HIT IN THE USA,existing,2,0,-2,0,0,68.46000000000001
316,ACIDMAN,赤橙,existing,4,7,3,0,1,67.89
317,ART-SCHOOL,SWAN SONG,existing,0,0,0,0,0,63.45000000000001
318,LOST IN TIME,群青,existing,10,0,-10,0,0,67.66000000000001
319,Syrup16g,生活,existing,13,5,-8,1,0,67.09
320,GOING UNDER GROUND,トワイライト,existing,0,2,2,0,1,66.51
321,フラワーカンパニーズ,深夜高速,existing,0,0,0,0,0,66.49000000000001
322,スネオヘアー,ワルツ,existing,0,0,0,0,0,62.63
323,曽我部恵一,ギター,existing,0,0,0,0,0,66.46000000000001
324,bonobos,THANK YOU FOR THE MUSIC,existing,0,0,0,0,0,64.70500000000001
325,SAKEROCK,慰安旅行,existing,0,1,1,0,0,67.695
326,ピチカート・ファイヴ,スウィート・ソウル・レヴュー,existing,0,0,0,0,0,66.14
327,フリッパーズ・ギター,カメラ! カメラ! カメラ!,existing,0,0,0,0,0,65.295
328,小沢健二,ラブリー,existing,0,0,0,0,0,65.22500000000001
329,Cornelius,STAR FRUITS SURF RIDER,existing,0,0,0,0,0,66.82000000000001
330,カヒミ・カリィ,Mike Alway's Diary,existing,5,0,-5,0,0,68.455
331,ORIGINAL LOVE,朝日のあたる道 AS TIME GOES BY,existing,4,1,-3,0,0,69.53
332,Fishmans,BABY BLUE,existing,0,0,0,0,0,64.03
333,サニーデイ・サービス,サマー・ソルジャー,existing,3,0,-3,0,0,64.86500000000001
334,UA,甘い運命,existing,0,0,0,0,0,65.20500000000001
335,Chara,タイムマシーン,existing,0,0,0,0,0,63.199999999999996
336,My Little Lover,Man & Woman,existing,0,0,0,0,0,64.44000000000001
337,キリンジ,Drifter,existing,0,2,2,0,0,66.29
338,くるり,ばらの花,existing,0,0,0,0,0,62.690000000000005
339,フジファブリック,茜色の夕日,existing,4,1,-3,0,0,67.17
340,SUPERCAR,Lucky,existing,0,0,0,0,0,62.29
341,NUMBER GIRL,OMOIDE IN MY HEAD,existing,4,0,-4,0,0,66.02000000000001
342,ASIAN KUNG-FU GENERATION,夏の日、残像,existing,0,0,0,0,0,65.51
343,BUMP OF CHICKEN,ロストマン,existing,0,0,0,0,0,67.3
344,ハナレグミ,明日天気になれ,existing,0,0,0,0,0,64.77000000000001
345,東京事変,遭難,existing,1,0,-1,0,0,66.19000000000001
346,椎名林檎,茎(STEM)～大名遊ビ編～,existing,2,3,1,1,0,63.28000000000001
347,サンボマスター,美しき人間の日々,existing,1,0,-1,0,0,66.21000000000001
348,レミオロメン,電話,existing,15,22,7,0,3,70.845
349,チャットモンチー,染まるよ,existing,0,0,0,0,0,63.74000000000001
350,GO!GO!7188,浮舟,existing,0,0,0,0,0,62.175
351,GRAPEVINE,スロウ,existing,0,0,0,0,0,65.285
352,Cymbals,"Highway Star, Speed Star",existing,0,3,3,0,0,68.09
353,advantage Lucy,グッバイ,existing,0,0,0,0,0,64.485
354,Spangle call Lilli line,dreamer,existing,1,0,-1,0,0,65.64
355,空気公団,旅をしませんか,existing,8,0,-8,0,0,65.55
356,ROUND TABLE,Chocolate,existing,0,2,2,0,0,65.8
357,the pillows,ハイブリッド レインボウ,existing,0,0,0,0,0,61.25
358,eastern youth,夜明けの歌,existing,0,0,0,0,0,60.67999999999999
359,bloodthirsty butchers,Kocorono,existing,0,0,0,0,0,65.06
360,BEAT CRUSADERS,FEEL,existing,14,0,-14,0,0,66.845
361,ACIDMAN,造花が笑う,existing,1,0,-1,0,0,68.995
362,ART-SCHOOL,斜陽,existing,1,8,7,2,0,68.66000000000001
363,LOST IN TIME,列車,existing,0,0,0,0,0,63.120000000000005
364,Syrup16g,翌日,existing,1,0,-1,0,0,64.27000000000001
365,GOING UNDER GROUND,ハートビート,existing,0,0,0,0,0,65.65
366,フラワーカンパニーズ,東京タワー,existing,0,0,0,0,0,64.30000000000001
367,スネオヘアー,逆様ブリッジ,existing,0,0,0,0,0,67.875
368,曽我部恵一,浜辺,existing,0,0,0,0,0,63.59
369,bonobos,Beautiful,existing,0,5,5,1,0,66.655
370,SAKEROCK,ホニャララ,existing,0,0,0,0,0,65.87
371,ピチカート・ファイヴ,ベイビィ・ポータブル・ロック,existing,0,0,0,0,0,64.65
372,フリッパーズ・ギター,"Young, Alive, in Love",existing,0,0,0,0,0,66.745
373,小沢健二,ある光,existing,2,14,12,6,2,69.04
374,Cornelius,If You're Here,existing,12,0,-12,0,0,68.6
375,カヒミ・カリィ,Good Morning World,existing,0,0,0,0,0,66.17
376,ORIGINAL LOVE,プライマル,existing,0,0,0,0,0,67.32000000000001
377,Fishmans,ナイトクルージング,existing,0,1,1,0,0,66.75
378,サニーデイ・サービス,恋におちたら,existing,0,0,0,0,0,63.8
379,UA,悲しみジョニー,existing,0,9,9,0,1,67.70500000000001
380,Chara,Junior Sweet,existing,2,0,-2,0,0,67.76
381,My Little Lover,白いカイト,existing,1,0,-1,0,0,67.435
382,キリンジ,雨は毛布のように,existing,0,0,0,0,0,61.55
383,くるり,ハイウェイ,existing,0,1,1,0,0,64.3
384,フジファブリック,赤黄色の金木犀,existing,10,0,-10,0,0,67.375
385,SUPERCAR,YUMEGIWA LAST BOY,existing,0,0,0,0,0,63.16
386,NUMBER GIRL,鉄風 鋭くなって,existing,0,11,11,0,1,68.81000000000002
387,ASIAN KUNG-FU GENERATION,海岸通り,existing,0,0,0,0,0,64.25
388,BUMP OF CHICKEN,スノースマイル,existing,0,5,5,0,0,65.845
389,ハナレグミ,音タイム,existing,0,0,0,0,0,67.41000000000001
390,東京事変,閃光少女,existing,0,2,2,0,1,64.24000000000001
391,椎名林檎,正しい街,existing,7,0,-7,0,0,69.495
392,サンボマスター,青春狂騒曲,existing,4,0,-4,0,0,63.830000000000005
393,レミオロメン,雨上がり,existing,0,0,0,0,0,66.125
394,チャットモンチー,シャングリラ,existing,0,0,0,0,0,63.25
395,GO!GO!7188,C7,existing,0,0,0,0,0,65.72500000000001
396,Polaris,季節,existing,0,1,1,0,0,64.235
397,GRAPEVINE,白日,existing,0,0,0,0,0,66.28
398,Cymbals,午前8時の脱走計画,existing,0,0,0,0,0,64.545
399,advantage Lucy,Sunny,existing,0,0,0,0,0,63.53000000000001
400,Spangle call Lilli line,ice track,existing,0,0,0,0,0,66.79
401,空気公団,青い花,existing,0,0,0,0,0,64.225
402,ROUND TABLE,Every Every Every,existing,4,1,-3,0,0,65.57
403,the pillows,ストレンジ カメレオン,existing,0,0,0,0,0,64.85000000000001
404,eastern youth,青すぎる空,existing,0,0,0,0,0,59.55
405,bloodthirsty butchers,7月,existing,0,0,0,0,0,63.86
406,BEAT CRUSADERS,"TONIGHT,TONIGHT,TONIGHT",existing,0,0,0,0,0,60.980000000000004
407,ACIDMAN,ある証明,existing,0,0,0,0,0,67.36
408,ART-SCHOOL,あと10秒で,existing,0,0,0,0,0,61.57000000000001
409,LOST IN TIME,花,existing,0,0,0,0,0,64.235
410,Syrup16g,Reborn,existing,2,0,-2,0,0,69.04
411,GOING UNDER GROUND,同じ月を見てた,existing,1,0,-1,0,0,66.315
412,フラワーカンパニーズ,吐きたくなるほど愛されたい,existing,0,0,0,0,0,67.14999999999999
413,スネオヘアー,ストライク,existing,0,0,0,0,0,66.36500000000001
414,曽我部恵一,LOVE-SICK,existing,0,1,1,0,0,66.93
415,bonobos,Standing There ～いま、そこに行くよ～,existing,3,10,7,0,0,68.415
416,YOUR SONG IS GOOD,WALKIN' WALKIN',existing,1,0,-1,0,0,65.17
417,SAKEROCK,会社員,existing,0,1,1,0,0,65.47
418,ピチカート・ファイヴ,陽の当たる大通り,existing,0,0,0,0,0,67.515
419,フリッパーズ・ギター,Friends Again,existing,0,0,0,0,0,65.28
420,小沢健二,今夜はブギー・バック,existing,0,0,0,0,0,67.50500000000001
421,Cornelius,Point of View Point,existing,0,0,0,0,0,64.32000000000001
422,カヒミ・カリィ,Tiny King Kong,existing,0,1,1,0,0,63.36000000000001
423,ORIGINAL LOVE,月の裏で会いましょう,existing,0,0,0,0,0,67.405
424,Fishmans,Weather Report,existing,4,0,-4,0,0,65.875
425,サニーデイ・サービス,白い恋人,existing,21,10,-11,2,0,68.345
426,UA,ミルクティー,existing,0,2,2,0,0,64.29
427,YEN TOWN BAND,Swallowtail Butterfly~あいのうた~,existing,0,0,0,0,0,65.36
428,My Little Lover,DESTINY,existing,0,0,0,0,0,61.410000000000004
429,キリンジ,双子座グラフィティ,existing,0,0,0,0,0,68.0
430,くるり,ワールズエンド・スーパーノヴァ,existing,0,0,0,0,0,62.28000000000001
431,フジファブリック,陽炎,existing,0,2,2,0,0,66.2
432,SUPERCAR,cream soda,existing,0,8,8,0,0,68.695
433,NUMBER GIRL,SAMURAI,existing,0,0,0,0,0,62.89000000000001
434,ASIAN KUNG-FU GENERATION,ソラニン,existing,0,0,0,0,0,65.3
435,BUMP OF CHICKEN,K,existing,7,5,-2,0,0,69.41
436,ハナレグミ,光と影,existing,3,0,-3,0,0,68.0
437,東京事変,能動的三分間,existing,0,0,0,0,0,62.64
438,椎名林檎,ギブス,existing,0,0,0,0,0,62.870000000000005
439,サンボマスター,できっこないを やらなくちゃ,existing,2,0,-2,0,0,65.505
440,レミオロメン,3月9日,existing,1,0,-1,0,0,65.98
441,チャットモンチー,恋愛スピリッツ,existing,0,2,2,0,0,67.59
442,GO!GO!7188,ジェットにんぢん,existing,0,0,0,0,0,64.8
443,clammbon,便箋歌,existing,0,0,0,0,0,66.67000000000002
444,GRAPEVINE,風待ち,existing,0,0,0,0,0,64.37
445,Cymbals,My Brave Face,existing,0,0,0,0,0,65.16
446,advantage Lucy,メトロ,existing,0,3,3,0,0,63.55
447,Spangle call Lilli line,cast a spell on her,existing,0,7,7,0,0,66.17
448,空気公団,うつろいゆく街で,existing,1,0,-1,0,0,64.66
449,ROUND TABLE,Bossa Rossa,existing,0,2,2,0,0,64.02
450,the pillows,LITTLE BUSTERS,existing,0,0,0,0,0,67.265
451,WANDS,時の扉,existing,14,23,9,8,3,69.50000000000001
452,大黒摩季,ら・ら・ら,existing,22,11,-11,0,0,70.03999999999999
453,LINDBERG,今すぐKiss Me,existing,0,0,0,0,0,66.63000000000001
454,爆風スランプ,Runner,existing,33,36,3,8,2,70.22000000000001
455,ZARD,負けないで,existing,0,4,4,0,1,67.32000000000001
456,FIELD OF VIEW,突然,existing,0,0,0,0,0,66.12
457,DEEN,このまま君だけを奪い去りたい,existing,3,11,8,2,0,68.85000000000001
458,T-BOLAN,離したくはない,existing,8,0,-8,0,0,67.21000000000001
459,B'z,ALONE,existing,8,10,2,3,1,70.38000000000001
460,Mr.Children,CROSS ROAD,existing,0,0,0,0,0,66.08
461,スピッツ,ロビンソン,existing,2,0,-2,0,0,66.61999999999999
462,サザンオールスターズ,真夏の果実,existing,0,0,0,0,0,63.14000000000001
463,JUDY AND MARY,Over Drive,existing,3,0,-3,0,0,67.47
464,THE YELLOW MONKEY,JAM,existing,0,1,1,0,0,63.88000000000001
465,L'Arc～en～Ciel,flower,existing,1,2,1,0,0,67.11
466,GLAY,BELOVED,existing,1,2,1,0,0,69.46000000000001
467,LUNA SEA,ROSIER,existing,8,0,-8,0,0,67.50000000000001
468,X JAPAN,ENDLESS RAIN,existing,3,5,2,0,1,68.91000000000001
469,hide with Spread Beaver,ROCKET DIVE,existing,9,0,-9,0,0,69.41
470,TM NETWORK,Get Wild,existing,37,25,-12,7,2,70.44000000000001
471,TRF,寒い夜だから…,existing,13,36,23,6,4,71.57000000000001
472,globe,DEPARTURES,existing,0,2,2,0,0,67.19000000000001
473,Every Little Thing,Time goes by,existing,3,1,-2,0,0,68.89
474,PUFFY,アジアの純真,existing,2,0,-2,0,0,65.19
475,ウルフルズ,バンザイ ～好きでよかった～,existing,0,1,1,0,0,66.63
476,シャ乱Q,シングルベッド,existing,4,6,2,0,1,67.72000000000001
477,KAN,愛は勝つ,existing,0,1,1,0,0,65.67000000000002
478,槇原敬之,どんなときも。,existing,1,0,-1,0,0,66.37
479,山崎まさよし,"One more time, One more chance",existing,3,3,0,0,0,68.53
480,斉藤和義,歌うたいのバラッド,existing,0,0,0,0,0,65.61
481,奥田民生,愛のために,existing,0,4,4,0,0,68.19000000000001
482,UNICORN,すばらしい日々,existing,0,0,0,0,0,68.24000000000001
483,THE BLUE HEARTS,リンダ リンダ,existing,0,0,0,0,0,64.18
484,THE HIGH-LOWS,日曜日よりの使者,existing,8,5,-3,0,1,67.30000000000001
485,JUN SKY WALKER(S),START,existing,0,0,0,0,0,63.07
486,REBECCA,フレンズ,existing,0,0,0,0,0,63.75
487,PRINCESS PRINCESS,M,existing,10,20,10,1,3,69.63
488,渡辺美里,My Revolution,existing,0,0,0,0,0,63.74000000000001
489,小泉今日子,あなたに会えてよかった,existing,34,0,-34,0,0,70.81
490,森高千里,渡良瀬橋,existing,0,0,0,0,0,67.56
491,米米CLUB,浪漫飛行,existing,4,0,-4,0,0,63.88
492,CHAGE and ASKA,SAY YES,existing,1,0,-1,0,0,66.68
493,DREAMS COME TRUE,未来予想図II,existing,17,11,-6,0,1,69.24
494,久保田利伸,LA・LA・LA LOVE SONG,existing,0,0,0,0,0,67.83
495,MISIA,つつみ込むように…,existing,0,0,0,0,0,67.04
496,宇多田ヒカル,Automatic,existing,11,2,-9,0,0,68.18
497,浜崎あゆみ,SEASONS,existing,11,0,-11,0,0,68.97
498,安室奈美恵,CAN YOU CELEBRATE?,existing,0,0,0,0,0,62.730000000000004
499,SPEED,White Love,existing,0,0,0,0,0,65.02
500,モーニング娘。,LOVEマシーン,existing,13,4,-9,0,0,70.54
501,ポルノグラフィティ,アポロ,existing,10,0,-10,0,0,68.39
502,Do As Infinity,深い森,existing,6,20,14,3,2,69.74000000000001
503,hitomi,LOVE 2000,existing,6,19,13,1,2,68.67
504,the brilliant green,There will be love there -愛のある場所-,existing,9,6,-3,1,0,67.56
505,Tommy february6,EVERYDAY AT THE BUS STOP,existing,0,0,0,0,0,66.46000000000001
506,椎名林檎,ここでキスして。,existing,0,0,0,0,0,66.91
507,aiko,カブトムシ,existing,0,2,2,0,0,65.61
508,矢井田瞳,My Sweet Darlin',existing,17,22,5,2,3,69.36
509,夏川りみ,涙そうそう,existing,0,0,0,0,0,68.06
510,BEGIN,島人ぬ宝,existing,1,4,3,0,0,69.26
511,THE BOOM,島唄,existing,15,1,-14,0,0,69.78
512,TUBE,シーズン・イン・ザ・サン,existing,0,0,0,0,0,64.22
513,WANDS,世界が終るまでは…,existing,0,4,4,0,1,67.38000000000001
514,大黒摩季,夏が来る,existing,0,0,0,0,0,60.3
515,LINDBERG,BELIEVE IN LOVE,existing,5,0,-5,0,0,68.25
516,爆風スランプ,大きな玉ねぎの下で,existing,0,6,6,4,0,69.15
517,ZARD,揺れる想い,existing,0,0,0,0,0,67.07000000000001
518,FIELD OF VIEW,DAN DAN 心魅かれてく,existing,0,0,0,0,0,64.78
519,DEEN,瞳そらさないで,existing,6,11,5,0,2,69.51
520,T-BOLAN,じれったい愛,existing,8,5,-3,2,0,68.88000000000001
521,B'z,裸足の女神,existing,8,2,-6,0,0,68.61
522,Mr.Children,Tomorrow never knows,existing,0,0,0,0,0,66.33
523,スピッツ,渚,existing,0,0,0,0,0,66.69000000000001
524,サザンオールスターズ,希望の轍,existing,8,5,-3,0,1,69.26
525,JUDY AND MARY,そばかす,existing,14,8,-6,2,0,68.9
526,THE YELLOW MONKEY,SPARK,existing,0,0,0,0,0,63.05
527,L'Arc～en～Ciel,虹,existing,0,0,0,0,0,63.56
528,GLAY,HOWEVER,existing,3,5,2,1,0,68.10000000000001
529,LUNA SEA,TRUE BLUE,existing,1,6,5,0,2,69.16
530,X JAPAN,Rusty Nail,existing,0,2,2,0,0,66.95
531,hide with Spread Beaver,ピンク スパイダー,existing,0,0,0,0,0,62.339999999999996
532,TM NETWORK,BEYOND THE TIME,existing,0,0,0,0,0,65.35
533,TRF,survival dAnce ～no no cry more～,existing,7,0,-7,0,0,69.94
534,globe,Feel Like dance,existing,0,0,0,0,0,61.940000000000005
535,Every Little Thing,For the moment,existing,3,0,-3,0,0,65.44000000000001
536,PUFFY,これが私の生きる道,existing,5,27,22,4,2,67.97
537,ウルフルズ,ガッツだぜ!!,existing,0,0,0,0,0,65.04
538,シャ乱Q,ズルい女,existing,0,4,4,0,1,65.12
539,KAN,まゆみ,existing,1,0,-1,0,0,68.97
540,槇原敬之,もう恋なんてしない,existing,1,2,1,0,1,67.30000000000001
541,山崎まさよし,セロリ,existing,14,13,-1,1,2,69.76
542,斉藤和義,歩いて帰ろう,existing,8,0,-8,0,0,68.58000000000001
543,奥田民生,さすらい,existing,6,3,-3,0,1,67.94
544,UNICORN,大迷惑,existing,1,12,11,0,2,69.73
545,THE BLUE HEARTS,TRAIN-TRAIN,existing,0,14,14,2,1,69.36
546,THE HIGH-LOWS,青春,existing,0,0,0,0,0,63.30000000000001
547,JUN SKY WALKER(S),すてきな夜空,existing,25,16,-9,1,1,69.98000000000002
548,REBECCA,RASPBERRY DREAM,existing,6,1,-5,0,0,67.19
549,PRINCESS PRINCESS,Diamonds,existing,0,0,0,0,0,62.68000000000001
550,渡辺美里,10 years,existing,2,5,3,0,0,65.70000000000002
551,小泉今日子,木枯しに抱かれて,existing,3,15,12,0,1,67.94
552,森高千里,雨,existing,0,0,0,0,0,70.19000000000001
553,米米CLUB,君がいるだけで,existing,3,1,-2,0,0,66.69
554,CHAGE and ASKA,YAH YAH YAH,existing,0,0,0,0,0,65.54
555,DREAMS COME TRUE,LOVE LOVE LOVE,existing,0,0,0,0,0,68.94000000000001
556,久保田利伸,Missing,existing,0,0,0,0,0,64.58
557,MISIA,Everything,existing,8,0,-8,0,0,65.4
558,宇多田ヒカル,First Love,existing,9,0,-9,0,0,68.11000000000001
559,浜崎あゆみ,appears,existing,5,1,-4,0,0,67.50000000000001
560,安室奈美恵,SWEET 19 BLUES,existing,0,0,0,0,0,64.65
561,SPEED,my graduation,existing,5,0,-5,0,0,65.14
562,モーニング娘。,恋愛レボリューション21,existing,0,0,0,0,0,67.48000000000002
563,ポルノグラフィティ,サウダージ,existing,14,0,-14,0,0,69.45
564,Do As Infinity,Yesterday & Today,existing,0,16,16,0,2,68.49
565,hitomi,CANDY GIRL,existing,4,2,-2,0,0,68.22000000000001
566,the brilliant green,冷たい花,existing,0,0,0,0,0,68.85000000000001
567,Tommy february6,je t'aime ★ je t'aime,existing,3,2,-1,0,0,64.65
568,椎名林檎,本能,existing,0,3,3,0,0,69.16
569,aiko,花火,existing,4,6,2,3,1,69.76
570,矢井田瞳,Look Back Again,existing,2,3,1,0,0,65.05000000000001
571,夏川りみ,童神～ヤマトグチ～,existing,0,0,0,0,0,63.849999999999994
572,BEGIN,恋しくて,existing,12,14,2,2,2,68.52000000000001
573,THE BOOM,風になりたい,existing,17,0,-17,0,0,68.89
574,TUBE,夏を待ちきれなくて,existing,0,0,0,0,0,66.15
575,WANDS,もっと強く抱きしめたなら,existing,0,1,1,0,0,64.33
576,大黒摩季,あなただけ見つめてる,existing,9,4,-5,0,1,68.74
577,LINDBERG,恋をしようよ Yeah! Yeah!,existing,3,0,-3,0,0,62.46000000000001
578,爆風スランプ,リゾ・ラバ,existing,0,0,0,0,0,65.99
579,ZARD,きっと忘れない,existing,11,18,7,6,2,68.76
580,FIELD OF VIEW,Last Good-bye,existing,12,0,-12,0,0,68.51
581,DEEN,Teenage dream,existing,2,0,-2,0,0,66.43
582,T-BOLAN,Bye For Now,existing,0,10,10,2,1,68.79
583,B'z,LOVE PHANTOM,existing,3,0,-3,0,0,66.43
584,Mr.Children,名もなき詩,existing,3,7,4,1,0,68.78
585,スピッツ,楓,existing,15,14,-1,1,1,69.89000000000001
586,サザンオールスターズ,涙のキッス,existing,0,0,0,0,0,63.72
587,JUDY AND MARY,クラシック,existing,0,3,3,0,0,64.81
588,THE YELLOW MONKEY,LOVE LOVE SHOW,existing,0,0,0,0,0,66.77000000000001
589,L'Arc～en～Ciel,HONEY,existing,5,0,-5,0,0,65.22000000000001
590,GLAY,SOUL LOVE,existing,4,1,-3,0,0,66.92000000000002
591,LUNA SEA,I for You,existing,4,7,3,0,0,69.67
592,X JAPAN,Forever Love,existing,1,1,0,0,0,62.690000000000005
593,hide with Spread Beaver,ever free,existing,0,0,0,0,0,64.89999999999999
594,TM NETWORK,Self Control,existing,0,0,0,0,0,64.37
595,TRF,BOY MEETS GIRL,existing,7,15,8,1,1,69.08
596,globe,Can't Stop Fallin' in Love,existing,6,2,-4,0,0,68.28
597,Every Little Thing,Dear My Friend,existing,3,0,-3,0,0,66.18
598,PUFFY,渚にまつわるエトセトラ,existing,7,0,-7,0,0,65.41000000000001
599,ウルフルズ,かわいいひと,existing,3,0,-3,0,0,64.92
600,シャ乱Q,いいわけ,existing,0,0,0,0,0,66.11000000000001
601,KAN,言えずのI LOVE YOU,existing,0,1,1,0,0,68.30000000000001
602,槇原敬之,遠く遠く,existing,0,0,0,0,0,64.55000000000001
603,山崎まさよし,僕はここにいる,existing,9,3,-6,0,0,67.96000000000001
604,斉藤和義,彼女,existing,0,0,0,0,0,64.71
605,奥田民生,イージュー★ライダー,existing,1,3,2,0,0,68.8
606,UNICORN,雪が降る町,existing,0,0,0,0,0,60.879999999999995
607,THE BLUE HEARTS,青空,existing,1,13,12,0,2,68.15
608,THE HIGH-LOWS,千年メダル,existing,1,9,8,0,1,67.41000000000001
609,JUN SKY WALKER(S),歩いていこう,existing,0,0,0,0,0,63.34
610,REBECCA,Maybe Tomorrow,existing,3,4,1,0,0,65.60000000000001
611,PRINCESS PRINCESS,世界でいちばん熱い夏,existing,0,0,0,0,0,64.87
612,渡辺美里,サマータイム ブルース,existing,4,0,-4,0,0,68.33000000000001
613,小泉今日子,優しい雨,existing,14,22,8,6,2,68.77000000000001
614,森高千里,私がオバさんになっても,existing,0,8,8,0,0,63.540000000000006
615,米米CLUB,Shake Hip!,existing,17,8,-9,0,3,69.07000000000001
616,CHAGE and ASKA,LOVE SONG,existing,13,0,-13,0,0,67.57
617,DREAMS COME TRUE,決戦は金曜日,existing,34,0,-34,0,0,68.98
618,久保田利伸,LOVE RAIN ～恋の雨～,existing,0,2,2,0,0,68.33
619,MISIA,陽のあたる場所,existing,9,0,-9,0,0,67.34
620,宇多田ヒカル,traveling,existing,5,0,-5,0,0,67.9
621,高田渡,生活の柄,existing,0,0,0,0,0,65.22
622,はっぴいえんど,風をあつめて,existing,0,0,0,0,0,63.925
623,細野晴臣,恋は桃色,existing,0,0,0,0,0,68.125
624,大貫妙子,4:00A.M.,existing,0,0,0,0,0,66.91000000000001
625,荒井由実,中央フリーウェイ,existing,0,0,0,0,0,68.87
626,松任谷由実,守ってあげたい,existing,0,5,5,0,0,66.66499999999999
627,大滝詠一,君は天然色,existing,0,2,2,0,0,64.53
628,山下達郎,SPARKLE,existing,1,0,-1,0,0,66.70000000000002
629,竹内まりや,SEPTEMBER,existing,5,0,-5,0,0,64.73
630,RCサクセション,スローバラード,existing,0,4,4,0,0,68.65
631,井上陽水,少年時代,existing,0,0,0,0,0,65.68
632,矢野顕子,ひとつだけ,existing,0,0,0,0,0,66.25000000000001
633,小坂忠,ほうろう,existing,0,2,2,0,1,65.14000000000001
634,吉田美奈子,夢で逢えたら,existing,0,0,0,0,0,64.05
635,南佳孝,モンロー・ウォーク,existing,1,0,-1,0,0,68.27000000000001
636,鈴木茂,砂の女,existing,0,0,0,0,0,69.665
637,ティン・パン・アレー,ソバカスのある少女,existing,1,0,-1,0,0,67.77
638,シュガー・ベイブ,DOWN TOWN,existing,0,0,0,0,0,61.690000000000005
639,EPO,DOWN TOWN,existing,2,0,-2,0,0,64.67
640,杉真理,バカンスはいつも雨,existing,7,0,-7,0,0,66.915
641,佐野元春,SOMEDAY,existing,36,12,-24,0,1,71.1
642,大江千里,格好悪いふられ方,existing,10,0,-10,0,0,65.575
643,小沢健二,天使たちのシーン,existing,0,0,0,0,0,68.28500000000001
644,オフコース,さよなら,existing,19,0,-19,0,0,69.805
645,チューリップ,青春の影,existing,3,0,-3,0,0,67.67000000000002
646,かぐや姫,神田川,existing,0,0,0,0,0,65.92500000000001
647,風,22才の別れ,existing,0,0,0,0,0,64.18
648,吉田拓郎,落陽,existing,0,0,0,0,0,65.5
649,井上陽水・安全地帯,夏の終りのハーモニー,existing,1,0,-1,0,0,63.495000000000005
650,安全地帯,ワインレッドの心,existing,0,0,0,0,0,67.43
651,中島みゆき,時代,existing,0,0,0,0,0,66.43000000000002
652,松山千春,大空と大地の中で,existing,0,0,0,0,0,66.305
653,さだまさし,案山子,existing,0,0,0,0,0,65.36999999999999
654,イルカ,なごり雪,existing,2,3,1,0,1,66.46000000000001
655,山崎ハコ,呪い,existing,0,3,3,1,0,67.33500000000001
656,友部正人,一本道,existing,4,0,-4,0,0,65.71000000000001
657,三上寛,夢は夜ひらく,existing,4,0,-4,0,0,68.47500000000001
658,遠藤賢司,カレーライス,existing,0,0,0,0,0,63.845000000000006
659,加川良,教訓I,existing,3,2,-1,0,0,67.58
660,岡林信康,山谷ブルース,existing,0,4,4,0,0,70.22000000000001
661,森田童子,ぼくたちの失敗,existing,0,0,0,0,0,65.60000000000001
662,浅川マキ,夜が明けたら,existing,3,0,-3,0,0,63.83
663,カルメン・マキ,時には母のない子のように,existing,1,0,-1,0,0,67.23000000000002
664,山下久美子,赤道小町ドキッ,existing,0,0,0,0,0,65.61000000000001
665,杏里,オリビアを聴きながら,existing,0,0,0,0,0,65.45500000000001
666,角松敏生,Sea Line,existing,0,0,0,0,0,64.45
667,稲垣潤一,ドラマティック・レイン,existing,0,0,0,0,0,65.94
668,杉山清貴&オメガトライブ,SUMMER SUSPICION,existing,0,0,0,0,0,65.56
669,1986オメガトライブ,君は1000%,existing,0,0,0,0,0,65.07
670,松原みき,真夜中のドア～Stay With Me,existing,0,0,0,0,0,66.5
671,亜蘭知子,Midnight Pretenders,existing,0,0,0,0,0,63.17
672,濱田金吾,街のドルフィン,existing,0,0,0,0,0,63.71
673,寺尾聰,ルビーの指環,existing,0,5,5,0,0,64.21000000000001
674,来生たかお,夢の途中,existing,11,2,-9,0,0,66.82000000000001
675,薬師丸ひろ子,Woman “Wの悲劇”より,existing,0,0,0,0,0,64.685
676,松田聖子,夏の扉,existing,1,0,-1,0,0,66.95
677,中森明菜,スローモーション,existing,0,0,0,0,0,63.335
678,山口百恵,さよならの向う側,existing,0,0,0,0,0,64.185
679,太田裕美,木綿のハンカチーフ,existing,2,29,27,8,2,70.855
680,キャンディーズ,春一番,existing,26,10,-16,0,2,69.9
681,松本伊代,センチメンタル・ジャーニー,existing,0,0,0,0,0,62.155
682,斉藤由貴,卒業,existing,0,0,0,0,0,64.955
683,原田知世,時をかける少女,existing,4,0,-4,0,0,67.89000000000001
684,高田渡,コーヒーブルース,existing,0,0,0,0,0,65.28
685,はっぴいえんど,夏なんです,existing,0,0,0,0,0,64.775
686,細野晴臣,終りの季節,existing,0,0,0,0,0,66.015
687,大貫妙子,都会,existing,1,0,-1,0,0,65.52
688,荒井由実,海を見ていた午後,existing,2,3,1,0,0,69.37500000000001
689,松任谷由実,DOWNTOWN BOY,existing,0,0,0,0,0,66.58000000000001
690,大滝詠一,恋するカレン,existing,0,0,0,0,0,66.955
691,山下達郎,RIDE ON TIME,existing,0,0,0,0,0,62.36
692,竹内まりや,プラスティック・ラブ,existing,0,0,0,0,0,66.32000000000001
693,RCサクセション,雨あがりの夜空に,existing,4,15,11,0,2,69.315
694,井上陽水,夢の中へ,existing,0,0,0,0,0,63.75000000000001
695,矢野顕子,春咲小紅,existing,1,0,-1,0,0,69.2
696,小坂忠,しらけちまうぜ,existing,4,0,-4,0,0,68.04
697,吉田美奈子,恋は流星,existing,2,4,2,0,1,65.565
698,南佳孝,スローなブギにしてくれ,existing,0,0,0,0,0,65.39000000000001
699,鈴木茂,八月の匂い,existing,4,1,-3,0,0,69.60000000000001
700,ティン・パン・アレー,香港ブルース,existing,0,0,0,0,0,63.82000000000001
701,シュガー・ベイブ,今日はなんだか,existing,0,8,8,0,1,69.89
702,EPO,う、ふ、ふ、ふ、,existing,0,0,0,0,0,63.459999999999994
703,杉真理,いとしのテラ,existing,4,3,-1,0,0,67.64500000000001
704,佐野元春,アンジェリーナ,existing,2,0,-2,0,0,63.54500000000001
705,大江千里,Rain,existing,2,0,-2,0,0,67.545
706,オフコース,秋の気配,existing,0,0,0,0,0,67.02999999999999
707,チューリップ,心の旅,existing,2,7,5,0,1,67.89500000000001
708,かぐや姫,赤ちょうちん,existing,0,1,1,0,0,62.65
709,風,海岸通,existing,0,2,2,0,0,64.58
710,吉田拓郎,旅の宿,existing,0,0,0,0,0,65.82000000000001
711,井上陽水,帰れない二人,existing,2,0,-2,0,0,66.325
712,安全地帯,恋の予感,existing,0,0,0,0,0,66.415
713,中島みゆき,わかれうた,existing,0,0,0,0,0,64.89500000000001
714,松山千春,恋,existing,0,0,0,0,0,65.86500000000001
715,さだまさし,関白宣言,existing,0,0,0,0,0,64.32500000000002
716,イルカ,海岸通,existing,4,0,-4,0,0,68.15
717,山崎ハコ,織江の唄,existing,0,0,0,0,0,65.04000000000002
718,友部正人,夕日は昇る,existing,4,0,-4,0,0,66.95500000000001
719,三上寛,ひびけ電気釜!!,existing,4,0,-4,0,0,67.24000000000001
720,遠藤賢司,満足できるかな,existing,17,2,-15,0,0,70.02000000000001
721,加川良,下宿屋,existing,0,1,1,0,0,65.725
722,岡林信康,友よ,existing,0,0,0,0,0,62.89
723,森田童子,さよならぼくのともだち,existing,4,1,-3,0,0,67.13000000000001
724,浅川マキ,かもめ,existing,4,2,-2,0,0,67.79
725,カルメン・マキ,山羊にひかれて,existing,4,1,-3,0,0,69.015
726,山下久美子,バスルームから愛をこめて,existing,0,2,2,0,0,65.66500000000002
727,杏里,CAT'S EYE,existing,0,0,0,0,0,66.86500000000001
728,角松敏生,If You Wanna Dance,existing,2,1,-1,0,0,69.42
729,稲垣潤一,夏のクラクション,existing,0,0,0,0,0,64.16
730,杉山清貴&オメガトライブ,ふたりの夏物語,existing,3,0,-3,0,0,65.97
731,1986オメガトライブ,Super Chance,existing,0,0,0,0,0,64.305
732,松原みき,ニートな午後3時,existing,0,1,1,0,0,63.43
733,亜蘭知子,I'm In Love,existing,2,4,2,0,0,69.35000000000001
734,濱田金吾,Midnight Cruisin',existing,6,1,-5,0,0,68.41000000000001
735,寺尾聰,SHADOW CITY,existing,0,0,0,0,0,63.52
736,来生たかお,Goodbye Day,existing,2,0,-2,0,0,68.07
737,薬師丸ひろ子,セーラー服と機関銃,existing,2,3,1,0,0,68.0
738,松田聖子,瑠璃色の地球,existing,2,0,-2,0,0,68.37
739,中森明菜,セカンド・ラブ,existing,0,0,0,0,0,63.01000000000001
740,山口百恵,秋桜,existing,3,0,-3,0,0,65.67
741,太田裕美,さらばシベリア鉄道,existing,0,5,5,0,1,66.4
742,キャンディーズ,やさしい悪魔,existing,1,0,-1,0,0,66.71
743,松本伊代,TVの国からキラキラ,existing,0,0,0,0,0,66.91000000000001
744,斉藤由貴,悲しみよこんにちは,existing,0,0,0,0,0,65.39500000000001
745,原田知世,天国にいちばん近い島,existing,0,0,0,0,0,65.97000000000001
746,高田渡,夕暮れ,existing,0,0,0,0,0,64.11
747,はっぴいえんど,はいからはくち,existing,0,0,0,0,0,64.24
748,細野晴臣,北京ダック,existing,0,0,0,0,0,68.23500000000001
749,大貫妙子,海と少年,existing,0,0,0,0,0,64.72
750,荒井由実,ひこうき雲,existing,2,0,-2,0,0,64.95
751,松任谷由実,"Hello, my friend",existing,0,11,11,0,3,70.35
752,大滝詠一,雨のウェンズデイ,existing,0,0,0,0,0,66.75
753,山下達郎,高気圧ガール,existing,0,0,0,0,0,66.69500000000001
754,竹内まりや,元気を出して,existing,0,0,0,0,0,61.660000000000004
755,RCサクセション,トランジスタ・ラジオ,existing,0,0,0,0,0,62.629999999999995
756,井上陽水,傘がない,existing,0,0,0,0,0,66.75
757,矢野顕子,ラーメンたべたい,existing,0,0,0,0,0,63.47
758,小坂忠,ありがとう,existing,0,0,0,0,0,63.129999999999995
759,吉田美奈子,TOWN,existing,6,5,-1,0,0,67.97000000000001
760,南佳孝,プールサイド,existing,0,0,0,0,0,65.095
761,鈴木茂,LADY PINK PANTHER,existing,0,0,0,0,0,62.69
762,ティン・パン・アレー,北京ダック,existing,7,10,3,0,1,70.595
763,シュガー・ベイブ,SHOW,existing,0,0,0,0,0,66.0
764,EPO,土曜の夜はパラダイス,existing,4,3,-1,0,0,70.25
765,杉真理,Key Station,existing,0,0,0,0,0,64.61500000000001
766,佐野元春,ガラスのジェネレーション,existing,0,0,0,0,0,62.24000000000001
767,大江千里,十人十色,existing,0,0,0,0,0,66.785
768,小沢健二,いちょう並木のセレナーデ,existing,14,1,-13,0,0,69.23
769,オフコース,Yes-No,existing,0,0,0,0,0,67.07
770,チューリップ,虹とスニーカーの頃,existing,8,2,-6,0,0,65.13
771,サカナクション,夜の踊り子,existing,0,0,0,0,0,59.339999999999996
772,星野源,くだらないの中に,existing,0,2,2,0,0,66.04
773,米津玄師,アイネクライネ,existing,0,2,2,0,0,63.470000000000006
774,Official髭男dism,Stand By You,existing,0,0,0,0,0,64.29
775,King Gnu,白日,existing,0,0,0,0,0,62.269999999999996
776,Vaundy,東京フラッシュ,existing,0,0,0,0,0,63.17000000000001
777,藤井風,何なんw,existing,0,0,0,0,0,58.31
778,あいみょん,君はロックを聴かない,existing,0,0,0,0,0,59.67
779,ヨルシカ,ただ君に晴れ,existing,3,0,-3,0,0,65.98
780,ずっと真夜中でいいのに。,秒針を噛む,existing,1,0,-1,0,0,61.24000000000001
781,YOASOBI,夜に駆ける,existing,0,0,0,0,0,61.57000000000001
782,Aimer,カタオモイ,existing,0,0,0,0,0,57.18
783,milet,inside you,existing,0,0,0,0,0,61.19
784,緑黄色社会,Mela!,existing,4,3,-1,0,0,67.10000000000001
785,Saucy Dog,いつか,existing,0,0,0,0,0,60.78
786,マカロニえんぴつ,ブルーベリー・ナイツ,existing,0,0,0,0,0,59.640000000000015
787,クリープハイプ,栞,existing,1,3,2,0,0,66.41000000000001
788,indigo la End,夏夜のマジック,existing,0,8,8,0,0,65.05
789,ゲスの極み乙女,ロマンスがありあまる,existing,0,1,1,0,0,61.440000000000005
790,Mrs. GREEN APPLE,青と夏,existing,2,0,-2,0,0,64.56
791,RADWIMPS,ふたりごと,existing,0,0,0,0,0,58.30000000000001
792,back number,花束,existing,0,0,0,0,0,58.440000000000005
793,andymori,1984,existing,0,0,0,0,0,62.050000000000004
794,Galileo Galilei,青い栞,existing,0,0,0,0,0,61.07000000000001
795,Base Ball Bear,17才,existing,0,0,0,0,0,65.4
796,フレデリック,オドループ,existing,0,0,0,0,0,60.2
797,KANA-BOON,ないものねだり,existing,0,0,0,0,0,61.129999999999995
798,SHISHAMO,明日も,existing,0,0,0,0,0,59.77000000000001
799,チャラン・ポ・ランタン,進め、たまに逃げても,existing,0,0,0,0,0,66.32
800,Awesome City Club,勿忘,existing,0,0,0,0,0,58.940000000000005
801,Cody・Lee(李),我愛你,existing,0,0,0,0,0,62.28
802,マハラージャン,セーラ☆ムン太郎,existing,0,0,0,0,0,57.89
803,離婚伝説,愛が一層メロウ,existing,0,0,0,0,0,66.63000000000001
804,Kroi,Balmy Life,existing,0,0,0,0,0,60.34
805,WONK,Rollin',existing,3,1,-2,0,0,65.27000000000001
806,imase,NIGHT DANCER,existing,0,0,0,0,0,59.94
807,TOMOO,Ginger,existing,0,0,0,0,0,60.09
808,Hana Hope,flowers,existing,0,2,2,0,0,64.21000000000001
809,新しい学校のリーダーズ,オトナブルー,existing,0,0,0,0,0,59.220000000000006
810,サカナクション,新宝島,existing,8,2,-6,0,0,66.61
811,星野源,SUN,existing,1,11,10,0,1,67.89
812,米津玄師,LOSER,existing,1,0,-1,0,0,66.45000000000002
813,Official髭男dism,Pretender,existing,4,0,-4,0,0,67.27
814,King Gnu,飛行艇,existing,0,0,0,0,0,65.23
815,Vaundy,不可幸力,existing,1,0,-1,0,0,60.370000000000005
816,藤井風,優しさ,existing,2,3,1,0,1,67.95
817,あいみょん,マリーゴールド,existing,0,0,0,0,0,60.35000000000001
818,ヨルシカ,だから僕は音楽を辞めた,existing,0,0,0,0,0,61.559999999999995
819,ずっと真夜中でいいのに。,正しくなれない,existing,0,4,4,0,0,68.55000000000001
820,YOASOBI,群青,existing,0,5,5,0,1,66.01
821,Aimer,蝶々結び,existing,0,0,0,0,0,59.36000000000001
822,milet,us,existing,0,0,0,0,0,59.400000000000006
823,緑黄色社会,Shout Baby,existing,0,0,0,0,0,61.849999999999994
824,Saucy Dog,シンデレラボーイ,existing,0,5,5,0,0,64.6
825,マカロニえんぴつ,恋人ごっこ,existing,1,3,2,0,0,64.7
826,クリープハイプ,社会の窓,existing,0,0,0,0,0,58.89
827,indigo la End,瞳に映らない,existing,4,0,-4,0,0,65.93
828,ゲスの極み乙女,私以外私じゃないの,existing,6,0,-6,0,0,66.50000000000001
829,Mrs. GREEN APPLE,僕のこと,existing,17,23,6,8,4,68.39
830,RADWIMPS,有心論,existing,0,2,2,0,0,66.92
831,back number,高嶺の花子さん,existing,0,0,0,0,0,60.79
832,andymori,16,existing,0,0,0,0,0,61.690000000000005
833,Galileo Galilei,ハマナスの花,existing,0,0,0,0,0,59.93000000000001
834,Base Ball Bear,changes,existing,5,0,-5,0,0,62.28
835,フレデリック,オンリーワンダー,existing,0,0,0,0,0,59.800000000000004
836,KANA-BOON,シルエット,existing,0,0,0,0,0,60.99999999999999
837,SHISHAMO,君と夏フェス,existing,0,0,0,0,0,59.24
838,チャラン・ポ・ランタン,忘れかけてた物語,existing,0,0,0,0,0,61.28
839,Awesome City Club,アウトサイダー,existing,6,1,-5,0,0,67.85
840,Cody・Lee(李),DANCE風呂a!,existing,0,0,0,0,0,61.91000000000001
841,マハラージャン,eden,existing,0,0,0,0,0,58.120000000000005
842,離婚伝説,本日のおすすめ,existing,9,0,-9,0,0,67.95
843,Kroi,Juden,existing,0,12,12,0,1,65.34
844,WONK,Fleeting Fantasy,existing,3,4,1,0,1,66.28000000000002
845,imase,Nagisa,existing,3,0,-3,0,0,61.47
846,TOMOO,Super Ball,existing,0,0,0,0,0,59.79
847,Hana Hope,We've Come So Far,existing,0,3,3,0,0,61.57
848,新しい学校のリーダーズ,青春を切り裂く波動,existing,0,0,0,0,0,58.82
849,サカナクション,ミュージック,existing,0,0,0,0,0,66.53
850,星野源,恋,existing,0,0,0,0,0,57.56
851,米津玄師,Lemon,existing,0,2,2,0,0,61.25000000000001
852,Official髭男dism,宿命,existing,14,0,-14,0,0,68.11
853,King Gnu,Teenager Forever,existing,0,2,2,0,0,63.71
854,Vaundy,しわあわせ,existing,1,3,2,0,0,65.84
855,藤井風,きらり,existing,0,0,0,0,0,56.03
856,あいみょん,裸の心,existing,0,0,0,0,0,64.59
857,ヨルシカ,花に亡霊,existing,2,1,-1,0,0,60.58
858,ずっと真夜中でいいのに。,あいつら全員同窓会,existing,0,0,0,0,0,64.28
859,YOASOBI,ハルジオン,existing,0,0,0,0,0,58.53
860,Aimer,残響散歌,existing,0,0,0,0,0,65.58000000000001
861,milet,Ordinary days,existing,0,0,0,0,0,65.13
862,緑黄色社会,花になって,existing,15,25,10,0,3,67.19
863,Saucy Dog,結,existing,4,0,-4,0,0,67.54
864,マカロニえんぴつ,なんでもないよ、,existing,15,0,-15,0,0,67.12
865,クリープハイプ,イト,existing,0,3,3,0,0,64.48
866,indigo la End,心雨,existing,0,0,0,0,0,56.3
867,ゲスの極み乙女,キラーボール,existing,4,0,-4,0,0,64.94000000000001
868,Mrs. GREEN APPLE,ダンスホール,existing,0,0,0,0,0,63.330000000000005
869,RADWIMPS,君と羊と青,existing,0,0,0,0,0,64.35
870,back number,クリスマスソング,existing,0,7,7,0,0,65.77
871,The Cardigans,Lovefool,existing,0,0,0,0,0,61.790000000000006
872,Oasis,Whatever,existing,0,1,1,0,0,63.335
873,The Beach Boys,God Only Knows,existing,0,0,0,0,0,57.665000000000006
874,Prefab Sprout,When Love Breaks Down,existing,0,0,0,0,0,60.10000000000001
875,Everything But The Girl,Missing,existing,1,0,-1,0,0,62.08
876,The Style Council,Shout to the Top!,existing,0,0,0,0,0,64.96000000000001
877,Fleetwood Mac,Dreams,existing,0,0,0,0,0,61.03
878,Tears for Fears,Everybody Wants to Rule the World,existing,0,0,0,0,0,61.010000000000005
879,The Sundays,Here's Where the Story Ends,existing,0,0,0,0,0,62.280000000000015
880,Belle and Sebastian,The Boy with the Arab Strap,existing,0,1,1,0,0,65.88000000000001
881,Kings of Convenience,Misread,existing,0,0,0,0,0,60.010000000000005
882,Phoenix,Lisztomania,existing,0,3,3,0,0,65.92
883,Vampire Weekend,A-Punk,existing,1,11,10,0,1,67.64
884,MGMT,Electric Feel,existing,0,0,0,0,0,59.34
885,Tame Impala,The Less I Know the Better,existing,0,12,12,1,1,66.97500000000001
886,The xx,Islands,existing,0,1,1,0,0,63.94
887,Beach House,Space Song,existing,0,0,0,0,0,62.760000000000005
888,Mac DeMarco,My Kind of Woman,existing,0,0,0,0,0,61.13
889,Men I Trust,Show Me How,existing,0,0,0,0,0,64.29
890,Clairo,Sofia,existing,0,1,1,0,0,62.269999999999996
891,Khruangbin,Friday Morning,existing,0,0,0,0,0,61.13000000000001
892,Norah Jones,Don't Know Why,existing,0,0,0,0,0,61.21000000000001
893,Simon & Garfunkel,The Only Living Boy in New York,existing,0,0,0,0,0,62.040000000000006
894,Nick Drake,Pink Moon,existing,0,0,0,0,0,64.45000000000002
895,The Beatles,Here Comes the Sun,existing,2,0,-2,0,0,62.6
896,Enya,Orinoco Flow,existing,0,0,0,0,0,61.760000000000005
897,The Smiths,There Is a Light That Never Goes Out,existing,0,0,0,0,0,63.49
898,The Cure,Just Like Heaven,existing,0,0,0,0,0,58.739999999999995
899,New Order,Bizarre Love Triangle,existing,0,5,5,0,1,65.8
900,Talking Heads,This Must Be the Place (Naive Melody),existing,0,0,0,0,0,63.169999999999995
901,R.E.M.,Nightswimming,existing,0,0,0,0,0,62.32000000000001
902,The Stone Roses,Waterfall,existing,0,0,0,0,0,60.089999999999996
903,Blur,Coffee & TV,existing,0,0,0,0,0,62.45000000000001
904,Pulp,Common People,existing,0,0,0,0,0,62.2
905,Suede,Beautiful Ones,existing,0,0,0,0,0,59.31
906,Radiohead,Fake Plastic Trees,existing,0,0,0,0,0,66.955
907,Beck,Everybody's Got to Learn Sometime,existing,0,0,0,0,0,60.53000000000001
908,The Flaming Lips,Do You Realize??,existing,0,0,0,0,0,64.385
909,Wilco,"Jesus, Etc.",existing,0,0,0,0,0,64.39999999999999
910,Yo La Tengo,Autumn Sweater,existing,0,0,0,0,0,62.059999999999995
911,Pavement,Gold Soundz,existing,0,4,4,0,0,67.10000000000001
912,Dinosaur Jr.,Feel the Pain,existing,0,0,0,0,0,60.17
913,Sonic Youth,Sunday,existing,1,2,1,0,0,63.78
914,My Bloody Valentine,When You Sleep,existing,0,3,3,0,0,63.85000000000001
915,Slowdive,Alison,existing,0,9,9,0,0,65.53
916,Cocteau Twins,Heaven or Las Vegas,existing,0,0,0,0,0,58.53
917,The Jesus and Mary Chain,Just Like Honey,existing,0,0,0,0,0,60.830000000000005
918,Mazzy Star,Fade Into You,existing,0,1,1,0,0,63.93000000000001
919,Galaxie 500,Strange,existing,0,0,0,0,0,63.77000000000001
920,The Velvet Underground,Sunday Morning,existing,0,0,0,0,0,63.06
921,Lou Reed,Perfect Day,existing,0,0,0,0,0,61.53
922,David Bowie,Life on Mars?,existing,0,0,0,0,0,62.485
923,Prince,I Wanna Be Your Lover,existing,2,2,0,0,0,64.89
924,Steely Dan,Peg,existing,0,0,0,0,0,60.88000000000001
925,Donald Fagen,I.G.Y.,existing,4,4,0,0,0,66.545
926,Hall & Oates,I Can't Go for That (No Can Do),existing,0,0,0,0,0,62.57000000000001
927,Swing Out Sister,Breakout,existing,0,0,0,0,0,65.46000000000001
928,Sade,Smooth Operator,existing,0,0,0,0,0,61.059999999999995
929,Tracy Chapman,Fast Car,existing,0,0,0,0,0,64.54
930,Crowded House,Don't Dream It's Over,existing,0,0,0,0,0,62.620000000000005
931,The Cranberries,Dreams,existing,0,0,0,0,0,64.04
932,The La's,There She Goes,existing,0,0,0,0,0,59.55
933,The Lemonheads,Into Your Arms,existing,0,0,0,0,0,60.040000000000006
934,The Wannadies,You and Me Song,existing,5,10,5,0,0,67.01
935,The Divine Comedy,Something for the Weekend,existing,0,0,0,0,0,63.760000000000005
936,Camera Obscura,"Lloyd, I'm Ready to Be Heartbroken",existing,0,0,0,0,0,64.30000000000001
937,Alvvays,"Archie, Marry Me",existing,0,0,0,0,0,68.64500000000001
938,Real Estate,It's Real,existing,0,0,0,0,0,59.63000000000001
939,Wild Nothing,Chinatown,existing,0,0,0,0,0,59.67000000000001
940,Washed Out,Feel It All Around,existing,4,0,-4,0,0,65.02
941,Toro y Moi,Ordinary Pleasure,existing,0,0,0,0,0,60.02000000000001
942,Metronomy,The Look,existing,0,0,0,0,0,62.46000000000001
943,Hot Chip,Over and Over,existing,0,0,0,0,0,62.6
944,The Cardigans,Carnival,existing,0,0,0,0,0,60.775000000000006
945,Oasis,Don't Look Back in Anger,existing,0,0,0,0,0,66.95500000000001
946,The Beach Boys,Kokomo,existing,0,0,0,0,0,63.75999999999999
947,Prefab Sprout,The King of Rock 'n' Roll,existing,3,4,1,0,0,66.52000000000001
948,Everything But The Girl,Each and Every One,existing,0,0,0,0,0,64.16
949,The Style Council,You're the Best Thing,existing,0,0,0,0,0,60.7
950,Fleetwood Mac,Everywhere,existing,0,2,2,0,1,64.055
951,Tears for Fears,Head Over Heels,existing,0,1,1,0,0,63.735
952,The Sundays,Summertime,existing,0,0,0,0,0,61.02
953,Belle and Sebastian,Another Sunny Day,existing,0,0,0,0,0,62.790000000000006
954,Kings of Convenience,I'd Rather Dance with You,existing,1,0,-1,0,0,60.28000000000001
955,Phoenix,If I Ever Feel Better,existing,0,0,0,0,0,60.56
956,Vampire Weekend,Oxford Comma,existing,1,5,4,0,0,65.22500000000001
957,MGMT,Time to Pretend,existing,0,1,1,0,0,64.71
958,Tame Impala,Feels Like We Only Go Backwards,existing,0,0,0,0,0,62.14
959,The xx,Crystalised,existing,0,0,0,0,0,63.02
960,Beach House,Myth,existing,0,0,0,0,0,61.57
961,Mac DeMarco,Chamber of Reflection,existing,0,0,0,0,0,61.53000000000001
962,Men I Trust,Lauren,existing,0,0,0,0,0,62.75
963,Clairo,Bags,existing,0,0,0,0,0,60.80000000000001
964,Khruangbin,White Gloves,existing,0,0,0,0,0,60.26
965,Norah Jones,Sunrise,existing,0,0,0,0,0,67.30000000000001
966,Simon & Garfunkel,America,existing,0,0,0,0,0,61.78
967,Nick Drake,Northern Sky,existing,5,2,-3,0,0,65.69000000000001
968,The Beatles,In My Life,existing,1,0,-1,0,0,62.39
969,Enya,Caribbean Blue,existing,0,0,0,0,0,60.56000000000001
970,The Smiths,This Charming Man,existing,0,0,0,0,0,64.17
971,The Cure,Pictures of You,existing,0,2,2,0,0,63.36
972,New Order,Temptation,existing,0,0,0,0,0,66.22500000000001
973,Talking Heads,Once in a Lifetime,existing,0,0,0,0,0,62.489999999999995
974,R.E.M.,Losing My Religion,existing,0,0,0,0,0,65.32000000000001
975,The Stone Roses,I Wanna Be Adored,existing,0,0,0,0,0,59.07000000000001
976,Blur,The Universal,existing,3,0,-3,0,0,62.32000000000001
977,Pulp,Something Changed,existing,0,0,0,0,0,60.120000000000005
978,Suede,Trash,existing,0,0,0,0,0,60.9
979,Radiohead,No Surprises,existing,0,0,0,0,0,59.95
980,Beck,The Golden Age,existing,0,0,0,0,0,59.59
981,The Flaming Lips,Race for the Prize,existing,0,0,0,0,0,65.28
982,Wilco,California Stars,existing,0,2,2,0,0,63.91000000000001
983,Yo La Tengo,Sugarcube,existing,0,0,0,0,0,65.89
984,Pavement,Cut Your Hair,existing,0,0,0,0,0,61.040000000000006
985,Dinosaur Jr.,Start Choppin,existing,0,0,0,0,0,62.72000000000001
986,Sonic Youth,Teen Age Riot,existing,0,1,1,0,0,63.27
987,My Bloody Valentine,Sometimes,existing,0,0,0,0,0,61.93
988,Slowdive,When the Sun Hits,existing,0,1,1,0,0,65.64
989,Cocteau Twins,Cherry-coloured Funk,existing,0,0,0,0,0,62.10000000000001
990,The Jesus and Mary Chain,Sometimes Always,existing,0,0,0,0,0,63.940000000000005
991,Mazzy Star,Blue Flower,existing,1,9,8,0,0,66.575
992,Galaxie 500,Tugboat,existing,0,0,0,0,0,61.435
993,The Velvet Underground,Pale Blue Eyes,existing,0,0,0,0,0,66.25999999999999
994,Lou Reed,Walk on the Wild Side,existing,0,0,0,0,0,62.64000000000001
995,David Bowie,Heroes,existing,0,0,0,0,0,59.31
996,Prince,Raspberry Beret,existing,0,0,0,0,0,59.07000000000001
997,Steely Dan,Deacon Blues,existing,0,0,0,0,0,60.980000000000004
998,Donald Fagen,The Nightfly,existing,0,3,3,0,0,69.45
999,Hall & Oates,You Make My Dreams,existing,0,0,0,0,0,61.120000000000005
1000,Swing Out Sister,Twilight World,existing,0,0,0,0,0,60.52000000000001
1001,"Earth, Wind & Fire",September,existing,26,0,-26,0,0,70.34000000000002
1002,Jamiroquai,Virtual Insanity,existing,38,57,19,15,5,72.18
1003,The Beach Boys,Wouldn’t It Be Nice,existing,0,8,8,4,0,68.47500000000001
1004,ゆらゆら帝国,空洞です,existing,0,0,0,0,0,67.75
1005,Queen,Bohemian Rhapsody,existing,9,2,-7,0,0,68.46
1006,NewJeans,Ditto,existing,4,2,-2,0,1,69.525
1007,坂本龍一,Merry Christmas Mr. Lawrence,existing,11,8,-3,0,2,68.8
1008,Marvin Gaye,What’s Going On,existing,2,0,-2,0,0,68.39
1009,Michael Jackson,Rock with You,existing,0,2,2,0,1,64.97
1010,Oasis,Live Forever,existing,21,15,-6,1,3,70.35500000000002
1011,Underworld,Born Slippy (Nuxx),existing,85,35,-50,4,4,72.69000000000001
1012,Massive Attack,Teardrop,existing,2,0,-2,0,0,70.03
1013,The Police,Every Breath You Take,existing,32,69,37,9,6,72.6
1014,Nirvana,Smells Like Teen Spirit,existing,0,0,0,0,0,64.49000000000001
1015,Thee Michelle Gun Elephant,世界の終わり,existing,3,10,7,1,2,69.62
1016,Billy Joel,Piano Man,existing,0,0,0,0,0,66.45
1017,"Grover Washington, Jr.",Just the Two of Us,existing,0,0,0,0,0,65.37
1018,Marvin Gaye,Ain’t No Mountain High Enough,existing,2,8,6,0,1,67.665
1019,Radiohead,High and Dry,existing,0,11,11,0,0,68.57000000000001
1020,The Doobie Brothers,What a Fool Believes,existing,39,30,-9,1,6,71.285
1021,スチャダラパー,サマージャム’95,existing,61,106,45,13,10,73.645
1022,10cc,I’m Not In Love,existing,0,0,0,0,0,67.7
1023,Carpenters,(They Long To Be) Close To You,existing,17,35,18,0,5,71.79
1024,SUPER BUTTER DOG,サヨナラCOLOR,existing,5,2,-3,0,0,68.15
1025,The Beatles,A Day In The Life,existing,12,15,3,3,2,68.525
1026,Björk,Hyper-ballad,existing,2,46,44,11,4,69.905
1027,boygenius,Not Strong Enough,existing,16,0,-16,0,0,67.87
1028,Kendrick Lamar,Alright,existing,2,17,15,1,2,71.17
1029,m-flo,come again,existing,5,11,6,0,1,68.71
1030,Radiohead,Creep,existing,2,9,7,0,0,69.58500000000001
1031,宇多田ヒカル,One Last Kiss,existing,0,4,4,0,0,68.16000000000001
1032,神聖かまってちゃん,ロックンロールは鳴り止まないっ,existing,0,4,4,0,0,69.43
1033,Billy Joel,Just the Way You Are,existing,0,14,14,0,2,69.38000000000001
1034,Oasis,Champagne Supernova,existing,0,2,2,0,0,64.345
1035,Queen,Don’t Stop Me Now,existing,3,0,-3,0,0,66.64
1036,レイ・ハラカミ,owari no kisetsu,existing,17,0,-17,0,0,69.11
1037,電気グルーヴ,虹,existing,0,0,0,0,0,65.46000000000001
1038,Bob Dylan,Like a Rolling Stone,existing,5,0,-5,0,0,68.9
1039,Eagles,Hotel California,existing,4,0,-4,0,0,68.79
1040,METAFIVE,環境と心理,existing,0,13,13,3,0,67.52000000000001
1041,My Chemical Romance,Welcome to the Black Parade,existing,0,0,0,0,0,63.730000000000004
1042,Stevie Wonder,Sir Duke,existing,8,5,-3,0,1,69.72
1043,Television,Marquee Moon,existing,20,22,2,1,2,70.515
1044,The Jackson 5,I Want You Back,existing,0,8,8,1,0,68.99000000000001
1045,YELLOW MAGIC ORCHESTRA,RYDEEN,existing,0,1,1,0,0,66.24000000000001
1046,星野源,不思議,existing,1,7,6,0,3,69.35000000000001
1047,Aphex Twin,Xtal,existing,0,0,0,0,0,65.18
1048,Ben E. King,Stand By Me,existing,41,30,-11,0,6,72.70000000000002
1049,Cornelius,あなたがいるなら,existing,0,0,0,0,0,64.27000000000001
1050,King Crimson,21st Century Schizoid Man,existing,3,0,-3,0,0,65.09
1051,my bloody valentine,only shallow,existing,0,1,1,0,0,65.25
1052,Pixies,Where Is My Mind?,existing,0,0,0,0,0,65.53999999999999
1053,Radiohead,Let Down,existing,0,14,14,0,2,70.045
1054,Radiohead,Paranoid Android,existing,0,2,2,0,0,66.14
1055,The Verve,Bitter Sweet Symphony,existing,3,0,-3,0,0,64.84
1056,XTC,The Mayor of Simpleton,existing,0,10,10,1,0,69.24000000000001
1057,キリンジ,スウィートソウル,existing,0,0,0,0,0,67.305
1058,ランカ・リー=中島愛,星間飛行,existing,8,10,2,2,0,68.63000000000001
1059,岡村靖幸,あの娘ぼくがロングシュート決めたらどんな顔するだろう,existing,0,0,0,0,0,66.89000000000001
1060,電気グルーヴ,N.O.,existing,0,0,0,0,0,69.56
1061,Cyndi Lauper,Time After Time,existing,27,59,32,10,6,71.69
1062,Daft Punk,Digital Love,existing,21,9,-12,0,1,68.69
1063,Janet Jackson,Got ‘Til It’s Gone,existing,0,0,0,0,0,64.68
1064,Kanye West,Runaway,existing,1,0,-1,0,0,66.09000000000002
1065,Marvin Gaye,Mercy Mercy Me (The Ecology),existing,7,1,-6,0,0,66.85000000000001
1066,Nujabes,Luv(sic.) pt3 (feat. Shing02),existing,9,1,-8,0,0,68.77000000000001
1067,Queen,Under Pressure,existing,11,5,-6,0,0,68.49000000000001
1068,Simon & Garfunkel,Bridge Over Troubled Water,existing,15,6,-9,0,1,69.85000000000001
1069,Sting,Englishman In New York,existing,3,3,0,0,0,67.805
1070,The Avalanches,Since I Left You,existing,0,0,0,0,0,68.36
1071,toe,グッドバイ,existing,0,0,0,0,0,65.69
1072,坂本龍一,Thousand Knives,existing,9,4,-5,2,0,70.71000000000002
1073,東京事変,透明人間,existing,11,0,-11,0,0,67.24000000000001
1074,藤井風,帰ろう,existing,0,0,0,0,0,65.08
1075,ABBA,Dancing Queen,existing,1,0,-1,0,0,63.84000000000001
1076,Alicia Keys,If I Ain’t Got You,existing,31,9,-22,0,0,69.545
1077,Coldplay,Yellow,existing,0,0,0,0,0,64.44
1078,Daft Punk,Get Lucky (feat. Pharrell Williams and Nile Rodgers),existing,16,0,-16,0,0,69.395
1079,Elton John,Your Song,existing,0,0,0,0,0,65.49000000000001
1080,Jeff Buckley,Hallelujah,existing,0,0,0,0,0,66.96000000000001
1081,MGMT,Kids,existing,0,0,0,0,0,66.69
1082,my bloody valentine,soon,existing,0,0,0,0,0,64.43
1083,Nujabes,Reflection Eternal,existing,1,0,-1,0,0,67.495
1084,Parannoul,아름다운 세상 Beautiful World,existing,0,1,1,0,0,64.99
1085,Procol Harum,A Whiter Shade of Pale,existing,0,0,0,0,0,63.81
1086,Queen,Somebody to Love,existing,3,2,-1,0,1,68.785
1087,Sly & The Family Stone,If You Want Me to Stay,existing,0,0,0,0,0,63.30000000000001
1088,The Beatles,"Here, There And Everywhere",existing,0,0,0,0,0,65.69
1089,The Beatles,Let It Be,existing,0,8,8,3,0,68.25
1090,The Beatles,Strawberry Fields Forever,existing,12,48,36,9,4,72.275
1091,The Cure,Boys Don’t Cry,existing,20,46,26,5,4,71.64500000000001
1092,The Cure,Friday I’m In Love,existing,0,0,0,0,0,66.16
1093,The Smashing Pumpkins,1979,existing,7,0,-7,0,0,65.57000000000001
1094,The Smashing Pumpkins,"Tonight, Tonight",existing,0,0,0,0,0,64.1
1095,サニーデイ・サービス,春の風,existing,2,3,1,0,1,66.15
1096,スピッツ,夜を駆ける,existing,15,0,-15,0,0,67.29
1097,大澤誉志幸,そして僕は途方に暮れる,existing,0,0,0,0,0,65.09
1098,a-ha,Take on Me,existing,0,2,2,1,0,68.12500000000001
1099,bôa,Duvet,existing,12,4,-8,0,0,69.16000000000001
1100,Bon Jovi,Livin’ On A Prayer,existing,0,10,10,1,0,65.89000000000001
1101,Coldplay,Viva La Vida,existing,0,2,2,0,1,62.64
1102,Eric Clapton,Change the World,existing,0,0,0,0,0,64.93
1103,Hi-STANDARD,STAY GOLD,existing,0,0,0,0,0,66.765
1104,Jimi Hendrix,Little Wing,existing,1,0,-1,0,0,64.41
1105,LCD Soundsystem,All My Friends,existing,0,0,0,0,0,64.60000000000001
1106,New Order,Ceremony,existing,8,0,-8,0,0,67.42
1107,Pixies,Debaser,existing,1,0,-1,0,0,64.52000000000001
1108,Portishead,Glory Box,existing,0,0,0,0,0,66.91000000000001
1109,Radiohead,Everything In Its Right Place,existing,0,0,0,0,0,67.47500000000001
1110,Red Hot Chili Peppers,Can’t Stop,existing,0,0,0,0,0,64.34
1111,Squarepusher,Iambic 9 Poetry,existing,0,0,0,0,0,63.92999999999999
1112,Stevie Wonder,Isn’t She Lovely,existing,2,0,-2,0,0,65.94000000000001
1113,The Beatles,Blackbird,existing,15,8,-7,1,0,69.215
1114,The Blue Nile,The Downtown Lights,existing,0,0,0,0,0,64.86
1115,The Ronettes,Be My Baby,existing,0,0,0,0,0,66.56
1116,The Smashing Pumpkins,Today,existing,0,0,0,0,0,64.76
1117,The Who,Baba O’Riley,existing,0,0,0,0,0,65.885
1118,Todd Rundgren,I Saw the Light,existing,2,0,-2,0,0,65.10000000000001
1119,Trashcan Sinatras,Obscurity Knocks,existing,0,4,4,0,2,66.165
1120,YELLOW MAGIC ORCHESTRA,東風,existing,0,0,0,0,0,64.50999999999999
1121,くるり,ロックンロール,existing,0,0,0,0,0,59.64000000000001
1122,久保田早紀,異邦人,existing,2,0,-2,0,0,61.699999999999996
1123,坂本真綾,プラチナ,existing,0,0,0,0,0,65.16
1124,村下孝蔵,初恋,existing,0,3,3,0,0,64.46000000000001
1125,藤井風,花,existing,3,0,-3,0,0,67.79
1126,櫻坂46,二人セゾン,existing,9,0,-9,0,0,66.99000000000001
1127,Al Kooper,Jolie,existing,0,0,0,0,0,59.35000000000001
1128,Big Thief,Simulation Swarm,existing,0,0,0,0,0,64.21
1129,Bill Evans,Waltz For Debby,existing,0,0,0,0,0,65.74000000000001
1130,Billy Joel,Honesty,existing,0,0,0,0,0,61.85
1131,Carole King,So Far Away,existing,3,9,6,2,0,67.51
1132,Daft Punk,One More Time,existing,0,0,0,0,0,63.67500000000001
1133,Derek & The Dominos,Layla,existing,19,0,-19,0,0,68.23500000000001
1134,Diana Ross,I’m Coming Out,existing,8,0,-8,0,0,68.92000000000002
1135,Flying Lotus,Never Catch Me (feat. Kendrick Lamar),existing,0,0,0,0,0,60.32
1136,Guns N’ Roses,Sweet Child O’ Mine,existing,0,1,1,0,0,64.35000000000001
1137,Joy Division,Love Will Tear Us Apart,existing,0,1,1,0,0,63.540000000000006
1138,Massive Attack,Protection,existing,12,0,-12,0,0,69.87
1139,Rage Against the Machine,Killing In the Name,existing,2,0,-2,0,0,66.59
1140,STUTS,夜を使いはたして feat. PUNPEE,existing,0,0,0,0,0,61.53
1141,The Beatles,Something,existing,0,2,2,0,0,62.86
1142,The Buggles,Video Killed The Radio Star,existing,0,0,0,0,0,65.05
1143,The Kinks,Waterloo Sunset,existing,0,1,1,0,0,66.56000000000002
1144,The Rolling Stones,Sympathy For The Devil,existing,5,0,-5,0,0,67.72
1145,tofubeats,水星 (feat. オノマトペ大臣),existing,1,0,-1,0,0,64.45
1146,TOMOO,Cinderella,existing,0,0,0,0,0,66.71000000000001
1147,U2,With Or Without You,existing,0,0,0,0,0,62.09
1148,Vaundy,踊り子,existing,0,0,0,0,0,64.76
1149,エレファントカシマシ,今宵の月のように,existing,0,2,2,0,0,65.22
1150,キリンジ,愛のCoda,existing,0,0,0,0,0,61.44
1151,くるり,ワンダーフォーゲル,existing,8,0,-8,0,0,66.32000000000001
1152,くるり,琥珀色の街、上海蟹の朝,existing,0,0,0,0,0,65.685
1153,ゴダイゴ,銀河鉄道999,existing,0,2,2,0,0,64.84
1154,たま,さよなら人類,existing,4,5,1,1,0,68.03000000000002
1155,宇多田ヒカル,道,existing,0,0,0,0,0,62.1
1156,細野晴臣,スポーツマン,existing,0,0,0,0,0,64.22
1157,藤井風,旅路,existing,0,0,0,0,0,62.49000000000001
1158,布施明,君は薔薇より美しい,existing,2,0,-2,0,0,63.96000000000001
1159,Al Green,Let’s Stay Together,existing,0,0,0,0,0,61.339999999999996
1160,American Football,Never Meant,existing,0,0,0,0,0,60.949999999999996
1161,Bee Gees,How Deep Is Your Love,existing,2,0,-2,0,0,64.19
1162,Blur,Song 2,existing,0,0,0,0,0,63.51
1163,Dinosaur Jr.,The Wagon,existing,0,0,0,0,0,61.47
1164,Dr. Dre,Still D.R.E.,existing,0,0,0,0,0,62.08999999999999
1165,George Harrison,My Sweet Lord,existing,0,0,0,0,0,63.220000000000006
1166,Green Day,Basket Case,existing,0,0,0,0,0,66.13000000000001
1167,Kraftwerk,Computer Love,existing,0,5,5,0,0,66.59000000000002
1168,Led Zeppelin,Stairway to Heaven,existing,0,0,0,0,0,62.69
1169,Mitski,My Love Mine All Mine,existing,0,0,0,0,0,62.41
1170,Mondo Grosso,ラビリンス,existing,0,0,0,0,0,64.94500000000001
1171,New Order,Blue Monday,existing,0,0,0,0,0,60.01
1172,New Order,Regret,existing,0,3,3,0,0,62.93000000000001
1173,Official髭男dism,アポトーシス,existing,0,0,0,0,0,63.11000000000001
1174,Prince,Purple Rain,existing,0,0,0,0,0,62.25
1175,Ride,Dreams Burn Down,existing,0,0,0,0,0,62.120000000000005
1176,Tahiti 80,Heartbeat,existing,0,0,0,0,0,63.78000000000001
1177,The Band,The Weight,existing,0,0,0,0,0,60.57000000000001
1178,The Brand New Heavies,You Are The Universe,existing,0,0,0,0,0,63.245
1179,The Killers,Mr. Brightside,existing,0,0,0,0,0,61.33000000000001
1180,The Stone Roses,Elephant Stone,existing,0,0,0,0,0,61.16
1181,The Style Council,My Ever Changing Moods,existing,0,0,0,0,0,59.42
1182,Thee Michelle Gun Elephant,ダニー・ゴー,existing,0,0,0,0,0,60.84
1183,TOTO,Africa,existing,0,0,0,0,0,61.92999999999999
1184,Vulfpeck,Animal Spirits,existing,0,0,0,0,0,63.790000000000006
1185,YELLOW MAGIC ORCHESTRA,PERSPECTIVE,existing,0,0,0,0,0,63.50000000000001
1186,かせきさいだぁ,じゃっ夏なんで,existing,0,0,0,0,0,65.70500000000001
1187,キンモクセイ,二人のアカボシ,existing,0,0,0,0,0,61.120000000000005
1188,スピッツ,チェリー,existing,0,0,0,0,0,65.16000000000001
1189,ペトロールズ,雨,existing,0,5,5,0,0,64.52000000000001
1190,宇多田ヒカル,BADモード,existing,0,0,0,0,0,60.35
1191,宇多田ヒカル,Beautiful World,existing,4,10,6,3,1,68.32500000000002
1192,岡村靖幸,カルアミルク,existing,0,0,0,0,0,64.01
1193,銀杏BOYZ,駆け抜けて性春,existing,0,0,0,0,0,63.42
1194,坂本龍一,riot in Lagos,existing,0,0,0,0,0,58.330000000000005
1195,小沢健二,今夜はブギー・バック – nice vocal,existing,0,0,0,0,0,64.75
1196,松任谷由実,やさしさに包まれたなら,existing,0,0,0,0,0,59.5
1197,真心ブラザーズ,サマーヌード,existing,0,0,0,0,0,62.81
1198,中村佳穂,そのいのち,existing,0,0,0,0,0,62.89000000000001
1199,椎名林檎,ありあまる富,existing,0,0,0,0,0,63.32000000000001
1200,尾崎紀世彦,また逢う日まで,existing,0,0,0,0,0,61.980000000000004
1201,Lady Gaga,Bad Romance,existing,1,0,-1,0,0,68.4
1202,Lady Gaga,Poker Face,existing,0,5,5,0,1,65.93
1203,Rihanna,Umbrella,existing,5,0,-5,0,0,66.12000000000002
1204,Rihanna,We Found Love,existing,0,17,17,6,2,67.14000000000001
1205,Beyoncé,Crazy in Love,existing,2,25,23,4,3,69.09
1206,Beyoncé,Single Ladies (Put a Ring on It),existing,1,0,-1,0,0,67.46000000000001
1207,Bruno Mars,Just the Way You Are,existing,2,0,-2,0,0,67.78999999999999
1208,Bruno Mars,24K Magic,existing,9,4,-5,2,0,65.5
1209,The Weeknd,Blinding Lights,existing,0,0,0,0,0,67.12
1210,The Weeknd,Save Your Tears,existing,0,0,0,0,0,62.60000000000001
1211,Dua Lipa,Don't Start Now,existing,2,0,-2,0,0,66.71000000000001
1212,Dua Lipa,Levitating,existing,0,0,0,0,0,64.42
1213,Ariana Grande,"thank u, next",existing,0,0,0,0,0,64.94
1214,Ariana Grande,Into You,existing,7,3,-4,0,0,67.74
1215,Taylor Swift,Shake It Off,existing,22,2,-20,0,0,68.46000000000001
1216,Taylor Swift,Cruel Summer,existing,0,0,0,0,0,66.81
1217,Katy Perry,Firework,existing,3,0,-3,0,0,67.45
1218,Katy Perry,Teenage Dream,existing,2,3,1,0,1,64.74000000000001
1219,Ed Sheeran,Shape of You,existing,26,27,1,10,3,68.95
1220,Justin Bieber,Sorry,existing,5,0,-5,0,0,64.54
1221,Billie Eilish,bad guy,existing,0,1,1,0,0,66.69
1222,Billie Eilish,BIRDS OF A FEATHER,existing,6,0,-6,0,0,66.73
1223,Miley Cyrus,Flowers,existing,0,0,0,0,0,64.14000000000001
1224,Adele,Rolling in the Deep,existing,2,0,-2,0,0,67.53
1225,Sia,Chandelier,existing,18,0,-18,0,0,66.61000000000001
1226,Imagine Dragons,Believer,existing,0,0,0,0,0,66.72999999999999
1227,OneRepublic,Counting Stars,existing,0,0,0,0,0,66.67
1228,Maroon 5,Sugar,existing,2,13,11,3,1,67.47000000000001
1229,Harry Styles,As It Was,existing,0,1,1,0,0,64.48
1230,Olivia Rodrigo,good 4 u,existing,0,0,0,0,0,65.11
1231,Sabrina Carpenter,Espresso,existing,2,8,6,1,0,65.67000000000002
1232,Chappell Roan,"Good Luck, Babe!",existing,0,0,0,0,0,61.800000000000004
1233,Doja Cat,Say So,existing,3,0,-3,0,0,64.53
1234,Post Malone,Circles,existing,0,0,0,0,0,64.82000000000001
1235,Lorde,Royals,existing,1,0,-1,0,0,65.14
1236,Lizzo,About Damn Time,existing,0,0,0,0,0,64.57
1237,ROSÉ,APT. (with Bruno Mars),existing,0,12,12,3,2,65.68
1238,Gotye,Somebody That I Used to Know (feat. Kimbra),existing,0,6,6,0,0,65.95000000000002
1239,Carly Rae Jepsen,Call Me Maybe,existing,0,2,2,0,0,67.42000000000002
1240,Pharrell Williams,Happy,existing,11,0,-11,0,0,69.36000000000001
1241,Avicii,Wake Me Up,existing,13,16,3,3,3,68.81
1242,Avicii,Levels,existing,51,15,-36,1,1,69.08000000000001
1243,Calvin Harris,Summer,existing,0,15,15,2,1,65.11000000000001
1244,Calvin Harris,Feel So Close,existing,7,5,-2,0,0,66.07000000000001
1245,David Guetta,Titanium (feat. Sia),existing,7,4,-3,0,2,68.5
1246,David Guetta,Memories (feat. Kid Cudi),existing,17,0,-17,0,0,69.53999999999999
1247,Swedish House Mafia,Don't You Worry Child,existing,15,2,-13,0,1,69.34
1248,Swedish House Mafia,Save the World,existing,0,0,0,0,0,66.01
1249,Zedd,Clarity (feat. Foxes),existing,0,0,0,0,0,67.13
1250,Zedd,Stay (with Alessia Cara),existing,0,0,0,0,0,64.82000000000001
1251,Kygo,Firestone (feat. Conrad Sewell),existing,24,7,-17,0,3,67.69000000000001
1252,Kygo,Stole the Show (feat. Parson James),existing,23,12,-11,2,2,67.62
1253,Martin Garrix,Animals,existing,10,18,8,1,4,68.65
1254,The Chainsmokers,Closer (feat. Halsey),existing,22,7,-15,0,0,68.77000000000001
1255,The Chainsmokers,Don't Let Me Down (feat. Daya),existing,2,0,-2,0,0,64.17
1256,Major Lazer,Lean On (with DJ Snake feat. MØ),existing,13,4,-9,0,0,67.09000000000002
1257,Clean Bandit,Rather Be (feat. Jess Glynne),existing,13,24,11,6,2,69.17
1258,Alan Walker,Faded,existing,17,0,-17,0,0,66.93
1259,DJ Snake,Turn Down for What (with Lil Jon),existing,0,0,0,0,0,65.54
1260,DJ Snake,Let Me Love You (feat. Justin Bieber),existing,7,23,16,3,3,67.87
1261,Tiësto,The Business,existing,0,5,5,0,0,65.58
1262,Tiësto,Red Lights,existing,0,1,1,0,0,65.45
1263,Marshmello,Happier (with Bastille),existing,4,6,2,0,0,66.83
1264,Disclosure,Latch (feat. Sam Smith),existing,12,0,-12,0,0,68.35000000000001
1265,Disclosure,White Noise (feat. AlunaGeorge),existing,2,0,-2,0,0,64.78000000000002
1266,deadmau5,Strobe,existing,9,2,-7,0,0,66.04
1267,Eric Prydz,Call on Me,existing,3,0,-3,0,0,68.94
1268,Fatboy Slim,Praise You,existing,2,0,-2,0,0,66.31
1269,LMFAO,Party Rock Anthem,existing,35,23,-12,2,2,68.59
1270,Galantis,Runaway (U & I),existing,19,3,-16,0,2,68.06000000000002
1271,BLACKPINK,DDU-DU DDU-DU,existing,10,8,-2,0,1,66.80000000000001
1272,BLACKPINK,How You Like That,existing,7,7,0,0,0,65.24
1273,BTS,Dynamite,existing,13,0,-13,0,0,67.04
1274,BTS,DNA,existing,5,4,-1,0,1,66.22000000000001
1275,TWICE,TT,existing,3,10,7,0,2,68.01
1276,TWICE,FANCY,existing,0,0,0,0,0,64.11
1277,aespa,Next Level,existing,13,0,-13,0,0,67.11
1278,aespa,Supernova,existing,5,3,-2,0,1,65.38000000000001
1279,IVE,LOVE DIVE,existing,0,2,2,0,0,64.53
1280,IVE,I AM,existing,22,2,-20,0,0,67.11
1281,LE SSERAFIM,ANTIFRAGILE,existing,1,0,-1,0,0,64.72
1282,LE SSERAFIM,EASY,existing,1,0,-1,0,0,61.750000000000014
1283,Stray Kids,God's Menu,existing,1,0,-1,0,0,66.04000000000002
1284,Stray Kids,MANIAC,existing,0,0,0,0,0,65.23
1285,SEVENTEEN,VERY NICE,existing,0,0,0,0,0,65.6
1286,SEVENTEEN,Super,existing,10,0,-10,0,0,66.54
1287,EXO,Growl,existing,10,10,0,3,0,67.68
1288,BIGBANG,FANTASTIC BABY,existing,15,3,-12,1,0,68.14
1289,2NE1,I AM THE BEST,existing,0,2,2,0,0,67.2
1290,Girls' Generation,Gee,existing,7,0,-7,0,0,65.78
1291,KARA,Mister,existing,10,0,-10,0,0,67.92
1292,PSY,Gangnam Style,existing,5,3,-2,0,0,65.95
1293,IU,Good Day,existing,2,0,-2,0,0,65.63
1294,Red Velvet,Red Flavor,existing,0,0,0,0,0,64.99000000000001
1295,SHINee,Ring Ding Dong,existing,5,0,-5,0,0,66.27000000000001
1296,Super Junior,"Sorry, Sorry",existing,1,0,-1,0,0,64.89000000000001
1297,Wonder Girls,Nobody,existing,0,0,0,0,0,63.25
1298,NCT 127,Kick It,existing,0,0,0,0,0,64.6
1299,G-DRAGON,Crooked,existing,0,0,0,0,0,63.360000000000014
1300,TAEYANG,"EYES, NOSE, LIPS",existing,0,3,3,0,0,65.14000000000001
1301,爆風スランプ,旅人よ ～The Longest Journey～,existing,5,13,8,0,2,68.86
1302,爆風スランプ,さよなら文明,existing,2,6,4,0,0,65.0
1303,爆風スランプ,神話,existing,0,6,6,0,1,64.83500000000001
1304,爆風スランプ,よしおと爆風の、ええじゃないか盆踊り～武道館で編,existing,2,0,-2,0,0,60.60000000000001
1305,鼓童,凰（おおとり）,existing,13,9,-4,0,2,67.21000000000001
1306,鼓童,族,existing,0,0,0,0,0,68.56
1307,鼓童,彩,existing,17,11,-6,0,1,67.3
1308,鼓童,屋台囃子,existing,3,3,0,0,1,67.51
1309,Red Hot Chili Peppers,Under the Bridge,existing,0,18,18,3,1,67.47
1310,Red Hot Chili Peppers,Californication,existing,0,0,0,0,0,65.4
1311,Red Hot Chili Peppers,Scar Tissue,existing,2,0,-2,0,0,66.17000000000002
1312,U2,One,existing,13,11,-2,0,1,66.73
1313,U2,Where the Streets Have No Name,existing,0,0,0,0,0,63.99000000000001
1314,U2,Beautiful Day,existing,8,7,-1,0,1,70.12
1315,Nirvana,Come As You Are,existing,0,2,2,0,0,68.2
1316,Nirvana,Heart-Shaped Box,existing,2,0,-2,0,0,66.79
1317,Nirvana,Lithium,existing,8,0,-8,0,0,67.32000000000001
1318,Pearl Jam,Alive,existing,1,2,1,0,1,66.57000000000001
1319,Pearl Jam,Jeremy,existing,0,0,0,0,0,62.28
1320,Pearl Jam,Better Man,existing,0,0,0,0,0,64.33
1321,Foo Fighters,Everlong,existing,7,11,4,0,1,68.80000000000001
1322,Foo Fighters,Learn to Fly,existing,0,13,13,0,2,65.36999999999999
1323,Foo Fighters,Best of You,existing,0,3,3,0,0,61.78
1324,Green Day,Good Riddance (Time of Your Life),existing,0,1,1,0,0,65.42
1325,Green Day,American Idiot,existing,0,0,0,0,0,65.02000000000001
1326,Green Day,Boulevard of Broken Dreams,existing,0,0,0,0,0,66.0
1327,Weezer,Buddy Holly,existing,11,15,4,5,1,69.65
1328,Weezer,Say It Ain't So,existing,7,4,-3,2,0,66.10000000000001
1329,Weezer,Island in the Sun,existing,0,0,0,0,0,62.76
1330,Beck,Loser,existing,0,0,0,0,0,65.91000000000001
1331,Beck,Where It's At,existing,0,0,0,0,0,62.59000000000001
1332,R.E.M.,Everybody Hurts,existing,0,10,10,0,3,68.45
1333,R.E.M.,Man on the Moon,existing,7,30,23,1,4,69.27000000000001
1334,R.E.M.,"What's the Frequency, Kenneth?",existing,4,0,-4,0,0,65.08
1335,Coldplay,The Scientist,existing,2,0,-2,0,0,65.17
1336,Coldplay,Clocks,existing,0,5,5,0,0,65.93
1337,Coldplay,Fix You,existing,3,0,-3,0,0,66.68
1338,Coldplay,In My Place,existing,0,0,0,0,0,65.87
1339,Blur,Girls & Boys,existing,4,0,-4,0,0,68.22
1340,Blur,Beetlebum,existing,8,0,-8,0,0,66.02000000000001
1341,Pulp,Disco 2000,existing,10,6,-4,0,0,69.53
1342,Suede,Animal Nitrate,existing,1,0,-1,0,0,61.84
1343,The Verve,The Drugs Don't Work,existing,6,0,-6,0,0,66.4
1344,The Cranberries,Linger,existing,9,1,-8,0,0,68.57000000000001
1345,The Cranberries,Zombie,existing,1,3,2,1,0,67.33000000000001
1346,Garbage,Stupid Girl,existing,0,0,0,0,0,66.59
1347,Garbage,Only Happy When It Rains,existing,0,0,0,0,0,66.31
1348,No Doubt,Don't Speak,existing,26,0,-26,0,0,68.54
1349,No Doubt,Just a Girl,existing,13,1,-12,0,0,68.04
1350,Alanis Morissette,You Oughta Know,existing,0,0,0,0,0,64.15
1351,Alanis Morissette,Ironic,existing,5,1,-4,0,0,66.71000000000001
1352,Manic Street Preachers,A Design for Life,existing,0,0,0,0,0,63.64
1353,Manic Street Preachers,If You Tolerate This Your Children Will Be Next,existing,0,0,0,0,0,63.65
1354,The Strokes,Last Nite,existing,11,6,-5,1,0,67.09
1355,The Strokes,Someday,existing,4,3,-1,0,0,68.09
1356,The Strokes,Reptilia,existing,0,0,0,0,0,66.56
1357,The White Stripes,Seven Nation Army,existing,0,5,5,0,1,67.04
1358,The White Stripes,Fell in Love with a Girl,existing,2,0,-2,0,0,65.53
1359,Franz Ferdinand,Take Me Out,existing,0,18,18,0,1,69.14
1360,Franz Ferdinand,Do You Want To,existing,0,3,3,1,0,64.78
1361,Arctic Monkeys,I Bet You Look Good on the Dancefloor,existing,0,0,0,0,0,64.67
1362,Arctic Monkeys,Fluorescent Adolescent,existing,1,0,-1,0,0,63.290000000000006
1363,Arctic Monkeys,Do I Wanna Know?,existing,3,4,1,0,0,65.32000000000001
1364,Linkin Park,In the End,existing,7,11,4,0,2,69.36000000000001
1365,Linkin Park,Numb,existing,2,0,-2,0,0,67.46000000000001
1366,Linkin Park,Somewhere I Belong,existing,0,3,3,0,0,67.36
1367,Muse,Time Is Running Out,existing,0,0,0,0,0,64.26
1368,Muse,Starlight,existing,12,8,-4,0,0,67.19000000000001
1369,Muse,Plug In Baby,existing,0,0,0,0,0,65.27000000000001
1370,The Killers,Somebody Told Me,existing,7,5,-2,0,3,68.53
1371,The Killers,When You Were Young,existing,0,0,0,0,0,64.7
1372,Primal Scream,Loaded,existing,2,0,-2,0,0,62.940000000000005
1373,Primal Scream,Movin' on Up,existing,0,0,0,0,0,65.2
1374,Primal Scream,Rocks,existing,0,0,0,0,0,61.400000000000006
1375,Soundgarden,Black Hole Sun,existing,0,6,6,1,1,66.92000000000002
1376,Alice in Chains,Would?,existing,0,0,0,0,0,62.56
1377,Rage Against the Machine,Bulls on Parade,existing,0,0,0,0,0,66.88000000000001
1378,The Offspring,The Kids Aren't Alright,existing,0,3,3,0,0,66.83
1379,Blink-182,All the Small Things,existing,4,0,-4,0,0,64.91
1380,Blink-182,What's My Age Again?,existing,0,0,0,0,0,64.84
1381,Metallica,Enter Sandman,existing,2,4,2,0,1,65.88000000000001
1382,Metallica,Nothing Else Matters,existing,0,1,1,0,0,67.34
1383,Bon Jovi,It's My Life,existing,3,8,5,4,0,67.76
1384,Fishmans,LONG SEASON,existing,11,6,-5,0,2,67.78
1385,Fishmans,頼りない天使,existing,0,0,0,0,0,64.22
1386,Fishmans,新しい人,existing,0,0,0,0,0,62.39999999999999
1387,Fishmans,Go Go Round This World!,existing,2,0,-2,0,0,64.765
1388,Fishmans,すばらしくてNICE CHOICE,existing,0,0,0,0,0,62.825
1389,Fishmans,ひこうき,existing,0,0,0,0,0,61.47000000000001
1390,SUPER BUTTER DOG,コミュニケーション・ブレイクダンス,new200,,5,,2,1,66.28
1391,SUPER BUTTER DOG,FUNKYウーロン茶,new200,,2,,0,0,65.28
1392,SUPER BUTTER DOG,まわれダイヤル,new200,,0,,0,0,64.69
1393,SUPER BUTTER DOG,外出中,new200,,3,,0,1,64.46
1394,GOING STEADY,BABY BABY,new200,,14,,2,1,70.945
1395,GOING STEADY,銀河鉄道の夜,new200,,19,,1,5,70.635
1396,GOING STEADY,東京少年,new200,,0,,0,0,65.32000000000001
1397,GOING STEADY,もしも君が泣くならば,new200,,0,,0,0,67.28999999999999
1398,GOING STEADY,童貞ソー・ヤング,new200,,0,,0,0,66.92
1399,フジファブリック,桜の季節,new200,,6,,0,0,68.605
1400,フジファブリック,銀河,new200,,4,,0,0,67.04
1401,フジファブリック,虹,new200,,0,,0,0,64.34
1402,フジファブリック,花屋の娘,new200,,0,,0,0,63.11
1403,NUMBER GIRL,DESTRUCTION BABY,new200,,0,,0,0,64.27000000000001
1404,NUMBER GIRL,TATTOOあり,new200,,0,,0,0,63.400000000000006
1405,NUMBER GIRL,NUM-AMI-DABUTZ,new200,,0,,0,0,62.82000000000001
1406,SUPERCAR,PLANET,new200,,0,,0,0,64.59
1407,SUPERCAR,Sunday People,new200,,0,,0,0,63.93000000000001
1408,SUPERCAR,Drive,new200,,0,,0,0,63.245000000000005
1409,SUPERCAR,My Girl,new200,,0,,0,0,62.655
1410,eastern youth,砂塵の彼方へ,new200,,0,,0,0,59.58
1411,eastern youth,踵鳴る,new200,,0,,0,0,59.07
1412,eastern youth,静寂が燃える,new200,,0,,0,0,58.68
1413,bloodthirsty butchers,ファウスト,new200,,0,,0,0,63.540000000000006
1414,bloodthirsty butchers,襟がゆれてる。,new200,,0,,0,0,63.03
1415,HUSKING BEE,WALK,new200,,2,,0,0,62.43000000000001
1416,HUSKING BEE,8.6,new200,,0,,0,0,61.830000000000005
1417,HUSKING BEE,新利の風,new200,,0,,0,0,61.32
1418,HUSKING BEE,BY CHANCE,new200,,0,,0,0,61.09
1419,HUSKING BEE,欠けボタンの浜,new200,,0,,0,0,60.71
1420,Hi-STANDARD,MY FIRST KISS,new200,,2,,0,0,65.41
1421,Hi-STANDARD,BRAND NEW SUNSET,new200,,2,,0,0,64.76
1422,Hi-STANDARD,DEAR MY FRIEND,new200,,0,,0,0,63.89
1423,Hi-STANDARD,NEW LIFE,new200,,0,,0,0,63.45
1424,BRAHMAN,SEE OFF,new200,,0,,0,0,64.27
1425,BRAHMAN,DEEP,new200,,0,,0,0,63.2
1426,BRAHMAN,ARRIVAL TIME,new200,,0,,0,0,63.239999999999995
1427,BRAHMAN,ANSWER FOR...,new200,,0,,0,0,62.66
1428,BACK DROP BOMB,REMIND ME,new200,,0,,0,0,61.84000000000001
1429,BACK DROP BOMB,FLOW,new200,,0,,0,0,61.88000000000001
1430,BACK DROP BOMB,BLAZIN',new200,,0,,0,0,61.290000000000006
1431,BACK DROP BOMB,SIGH,new200,,0,,0,0,60.28
1432,SNAIL RAMP,MIND YOUR STEP!,new200,,0,,0,0,63.11000000000001
1433,SNAIL RAMP,B.M.W.,new200,,0,,0,0,61.980000000000004
1434,SNAIL RAMP,HOTARU NO HIKARI,new200,,0,,0,0,61.38
1435,PENPALS,Tell Me Why,new200,,0,,0,0,60.0
1436,PENPALS,Cars,new200,,0,,0,0,59.68
1437,PENPALS,Right Now,new200,,0,,0,0,59.03
1438,BEAT CRUSADERS,JAPANESE GIRL,new200,,0,,0,0,63.67
1439,BEAT CRUSADERS,LOVE DISCHORD,new200,,0,,0,0,63.16
1440,BLANKEY JET CITY,PUNKY BAD HIP,new200,,0,,0,0,67.65
1441,BLANKEY JET CITY,ガソリンの揺れかた,new200,,1,,0,0,68.74000000000001
1442,BLANKEY JET CITY,赤いタンバリン,new200,,0,,0,0,68.88
1443,BLANKEY JET CITY,ディズニーランドへ,new200,,0,,0,0,66.45
1444,BLANKEY JET CITY,SWEET DAYS,new200,,0,,0,0,66.14
1445,Thee Michelle Gun Elephant,バードメン,new200,,0,,0,0,66.73
1446,Thee Michelle Gun Elephant,G.W.D,new200,,0,,0,0,68.29
1447,Thee Michelle Gun Elephant,ゲット・アップ・ルーシー,new200,,0,,0,0,62.44
1448,Thee Michelle Gun Elephant,スモーキン・ビリー,new200,,0,,0,0,62.06
1449,Thee Michelle Gun Elephant,リリィ,new200,,0,,0,0,62.040000000000006
1450,ゆらゆら帝国,発光体,new200,,0,,0,0,68.42500000000001
1451,ゆらゆら帝国,夜行性の生き物3匹,new200,,0,,0,0,65.38
1452,ゆらゆら帝国,美しい,new200,,0,,0,0,64.74000000000001
1453,ゆらゆら帝国,昆虫ロック,new200,,0,,0,0,64.405
1454,ゆらゆら帝国,つぎの夜へ,new200,,2,,0,0,64.13000000000001
1455,羅針盤,永遠のうた,new200,,1,,0,0,68.41000000000001
1456,羅針盤,会えない人,new200,,0,,0,0,65.35499999999999
1457,羅針盤,カラーズ,new200,,1,,0,0,65.46499999999999
1458,羅針盤,ソングライン,new200,,0,,0,0,64.955
1459,羅針盤,光の手,new200,,0,,0,0,64.41000000000001
1460,Buffalo Daughter,New Rock,new200,,0,,0,0,64.00999999999999
1461,Buffalo Daughter,Great Five Lakes,new200,,0,,0,0,63.15000000000001
1462,Buffalo Daughter,Cyclic,new200,,0,,0,0,62.839999999999996
1463,Buffalo Daughter,Volcanic Girl,new200,,0,,0,0,62.330000000000005
1464,GREAT3,Little Jの嘆き,new200,,0,,0,0,63.99000000000001
1465,GREAT3,玉突き,new200,,0,,0,0,62.43000000000001
1466,GREAT3,Oh Baby Plus,new200,,0,,0,0,62.400000000000006
1467,GREAT3,Quincy,new200,,1,,0,0,61.96
1468,東京No.1 SOUL SET,黄昏'95〜太陽の季節,new200,,0,,0,0,67.92
1469,東京No.1 SOUL SET,JIVE MY REVOLVER,new200,,5,,0,0,65.03999999999999
1470,東京No.1 SOUL SET,Sunday,new200,,0,,0,0,64.24000000000001
1471,東京No.1 SOUL SET,隠せない明日を連れて,new200,,0,,0,0,63.93000000000001
1472,東京No.1 SOUL SET,Bow & Arrow,new200,,0,,0,0,63.84000000000001
1473,スチャダラパー,今夜はブギー・バック (smooth rap),new200,,5,,0,0,70.48000000000002
1474,スチャダラパー,GET UP AND DANCE,new200,,0,,0,0,69.75
1475,スチャダラパー,ゲームボーイズ,new200,,14,,2,2,69.72000000000001
1476,スチャダラパー,大人になっても,new200,,1,,0,0,68.92000000000002
1477,かせきさいだぁ,冬へと走りだそう,new200,,0,,0,0,64.19
1478,かせきさいだぁ,相合傘,new200,,0,,0,0,63.75000000000001
1479,かせきさいだぁ,午後のパノラマ,new200,,0,,0,0,63.09000000000001
1480,ZAZEN BOYS,KIMOCHI,new200,,0,,0,0,64.79
1481,ZAZEN BOYS,HIMITSU GIRL'S TOP SECRET,new200,,0,,0,0,64.48
1482,ZAZEN BOYS,半透明少女関係,new200,,0,,0,0,63.68
1483,ZAZEN BOYS,COLD BEAT,new200,,0,,0,0,63.160000000000004
1484,ZAZEN BOYS,Weekend,new200,,0,,0,0,62.93
1485,clammbon,はなれ ばなれ,new200,,0,,0,0,61.800000000000004
1486,clammbon,パンと蜜をめしあがれ,new200,,0,,0,0,61.22
1487,clammbon,シカゴ,new200,,0,,0,0,61.11000000000001
1488,キセル,ベガ,new200,,3,,0,0,62.440000000000005
1489,キセル,砂漠に咲いた花,new200,,1,,0,0,61.78000000000001
1490,サンボマスター,月に咲く花のようになるの,new200,,0,,0,0,63.69
1491,サンボマスター,そのぬくもりに用がある,new200,,3,,0,0,63.17
1492,Melt-Banana,"Shield for Your Eyes, A Beast in the Well on Your Hand",new200,,0,,0,0,59.510000000000005
1493,Melt-Banana,Candy Gun,new200,,0,,0,0,59.33
1494,Melt-Banana,Scratch or Stitch,new200,,0,,0,0,58.75000000000001
1495,OOIOO,UMA,new200,,0,,0,0,60.34
1496,OOIOO,Grow Sound Tree,new200,,0,,0,0,59.420000000000016
1497,OOIOO,Be Sure to Loop,new200,,0,,0,0,59.379999999999995
1498,MUTE BEAT,Still Echo,new200,,0,,0,0,66.235
1499,MUTE BEAT,Dub No.5,new200,,0,,0,0,64.435
1500,MUTE BEAT,Sunny Side Walk,new200,,2,,0,0,63.995000000000005
1501,MUTE BEAT,After the Rain,new200,,0,,0,0,63.66
1502,MUTE BEAT,Organ's Melody,new200,,0,,0,0,63.35000000000001
1503,じゃがたら,裸の王様,new200,,3,,0,0,67.77000000000001
1504,じゃがたら,でも・デモ・DEMO,new200,,6,,1,1,65.735
1505,じゃがたら,都市生活者の夜,new200,,0,,0,0,65.49499999999999
1506,じゃがたら,みちくさ,new200,,1,,0,0,64.98500000000001
1507,じゃがたら,タンゴ,new200,,0,,0,0,64.50999999999999
1508,RCサクセション,多摩蘭坂,new200,,11,,1,3,70.58000000000001
1509,RCサクセション,君が僕を知ってる,new200,,0,,0,0,65.06
1510,たま,オゾンのダンス,new200,,0,,0,0,66.01
1511,たま,夕暮れ時のさびしさに,new200,,0,,0,0,65.64
1512,たま,満月小唄,new200,,0,,0,0,65.25
1513,たま,学校にまにあわない,new200,,0,,0,0,64.53
1514,戸川純,玉姫様,new200,,2,,0,0,67.34
1515,戸川純,レーダーマン,new200,,1,,0,0,65.98
1516,戸川純,蛹化の女,new200,,0,,0,0,65.87
1517,戸川純,好き好き大好き,new200,,3,,0,1,65.35
1518,戸川純,諦念プシガンガ,new200,,0,,0,0,64.71000000000001
1519,P-MODEL,美術館で会った人だろ,new200,,0,,0,0,64.56
1520,P-MODEL,ダイジョブ,new200,,0,,0,0,63.56
1521,P-MODEL,HEAVEN,new200,,0,,0,0,63.39000000000001
1522,P-MODEL,2D OR NOT 2D,new200,,0,,0,0,62.67
1523,ヒカシュー,20世紀の終りに,new200,,3,,0,1,61.72
1524,ヒカシュー,パイク,new200,,0,,0,0,60.230000000000004
1525,ヒカシュー,プヨプヨ,new200,,0,,0,0,60.2
1526,ヒカシュー,びろびろ,new200,,0,,0,0,59.900000000000006
1527,ムーンライダーズ,スカンピン,new200,,0,,0,0,66.32
1528,ムーンライダーズ,青空のマリー,new200,,3,,0,0,65.94
1529,ムーンライダーズ,9月の海はクラゲの海,new200,,1,,0,0,65.35
1530,ムーンライダーズ,くれない埠頭,new200,,1,,0,0,64.62
1531,はっぴいえんど,春よ来い,new200,,0,,0,0,63.559999999999995
1532,はっぴいえんど,抱きしめたい,new200,,1,,0,0,62.480000000000004
1533,大瀧詠一,指切り,new200,,3,,0,1,70.14000000000001
1534,大瀧詠一,恋するカレン,new200,,9,,0,0,69.22000000000001
1535,大瀧詠一,雨のウェンズデイ,new200,,0,,0,0,68.83000000000001
1536,大貫妙子,黒のクレール,new200,,1,,0,0,64.53
1537,大貫妙子,色彩都市,new200,,0,,0,0,63.94000000000001
1538,高田渡,自衛隊に入ろう,new200,,0,,0,0,63.88
1539,高田渡,系図,new200,,3,,1,0,63.300000000000004
1540,高田渡,アイスクリーム,new200,,1,,0,0,62.57
1541,Cocco,カウントダウン,new200,,54,,6,5,71.68
1542,Cocco,強く儚い者たち,new200,,29,,2,3,71.47
1543,Cocco,Raining,new200,,27,,6,3,71.55000000000001
1544,Cocco,樹海の糸,new200,,18,,4,1,69.26
1545,Cocco,水鏡,new200,,0,,0,0,68.97
1546,JUDY AND MARY,DAYDREAM,new200,,1,,0,0,66.19
1547,JUDY AND MARY,小さな頃から,new200,,0,,0,0,64.39
1548,the brilliant green,そのスピードで,new200,,11,,1,0,68.99000000000001
1549,the brilliant green,Hello Another Way -それぞれの場所-,new200,,0,,0,0,65.26
1550,PUFFY,サーキットの娘,new200,,2,,0,0,65.56
1551,My Little Lover,ALICE,new200,,0,,0,0,62.92
1552,BONNIE PINK,Heaven's Kitchen,new200,,1,,0,0,67.86000000000001
1553,BONNIE PINK,Forget Me Not,new200,,0,,0,0,65.44
1554,BONNIE PINK,It's gonna rain!,new200,,0,,0,0,64.99
1555,BONNIE PINK,A Perfect Sky,new200,,3,,0,0,64.19
1556,スピッツ,魔女旅に出る,new200,,0,,0,0,66.5
1557,スピッツ,夏の魔物,new200,,0,,0,0,64.27
1558,スピッツ,惑星のかけら,new200,,0,,0,0,64.10000000000001
1559,Mr.Children,Replay,new200,,3,,0,0,65.02
1560,Mr.Children,innocent world,new200,,10,,1,1,68.83000000000001
1561,Mr.Children,【es】〜Theme of es〜,new200,,0,,0,0,64.11999999999999
1562,Pavement,Summer Babe (Winter Version),new200,,0,,0,0,65.01
1563,Pavement,Range Life,new200,,0,,0,0,61.66000000000001
1564,Pavement,Shady Lane,new200,,0,,0,0,61.77000000000002
1565,Yo La Tengo,Tom Courtenay,new200,,0,,0,0,62.660000000000004
1566,Yo La Tengo,Stockholm Syndrome,new200,,0,,0,0,62.010000000000005
1567,Yo La Tengo,Our Way to Fall,new200,,0,,0,0,61.49
1568,My Bloody Valentine,To Here Knows When,new200,,0,,0,0,62.260000000000005
1569,My Bloody Valentine,You Made Me Realise,new200,,0,,0,0,65.64999999999999
1570,Stereolab,French Disko,new200,,0,,0,0,68.32000000000001
1571,Stereolab,Ping Pong,new200,,0,,0,0,66.67
1572,Stereolab,Cybele's Reverie,new200,,2,,0,0,66.09000000000002
1573,Belle and Sebastian,The State I Am In,new200,,4,,0,0,66.17
1574,Belle and Sebastian,Like Dylan in the Movies,new200,,0,,0,0,62.14
1575,Belle and Sebastian,Lazy Line Painter Jane,new200,,0,,0,0,62.03
1576,The Smiths,Heaven Knows I'm Miserable Now,new200,,0,,0,0,62.03000000000001
1577,The Smiths,Bigmouth Strikes Again,new200,,0,,0,0,67.71000000000001
1578,Pixies,Here Comes Your Man,new200,,0,,0,0,66.82
1579,Pixies,Gigantic,new200,,0,,0,0,62.69
1580,Sonic Youth,Kool Thing,new200,,0,,0,0,65.96000000000001
1581,Sonic Youth,Sugar Kane,new200,,0,,0,0,61.53
1582,Galaxie 500,Blue Thunder,new200,,0,,0,0,64.92999999999999
1583,Galaxie 500,Fourth of July,new200,,0,,0,0,60.94000000000001
1584,Elliott Smith,Between the Bars,new200,,23,,4,2,71.35
1585,Elliott Smith,Waltz #2 (XO),new200,,2,,0,0,68.28000000000002
1586,Teenage Fanclub,Everything Flows,new200,,8,,4,1,68.65
1587,Teenage Fanclub,The Concept,new200,,1,,0,0,66.85000000000001
1588,Portishead,Sour Times,new200,,1,,0,0,70.0
1589,Massive Attack,Unfinished Sympathy,new200,,19,,1,4,71.69
